area_id,latitude,longitude,is_synthetic
IN-00001,20.271008023769472,85.91464286128199,YES_SYNTHETIC
IN-00002,20.34249878836228,85.8442316968394,YES_SYNTHETIC
IN-00003,20.227303728088486,85.75569890406724,YES_SYNTHETIC
IN-00004,20.207716722433638,85.89773522915499,YES_SYNTHETIC
IN-00005,20.31632300234864,85.8661145155592,YES_SYNTHETIC
IN-00006,20.20021689885916,85.9184819704324,YES_SYNTHETIC
IN-00007,20.362588528160085,85.76696782213565,YES_SYNTHETIC
IN-00008,20.23246499344142,85.76118090197069,YES_SYNTHETIC
IN-00009,20.256948448591906,85.82945128632645,YES_SYNTHETIC
IN-00010,20.282489003728422,85.78274582803961,YES_SYNTHETIC
IN-00011,20.318470578944474,85.7523987721304,YES_SYNTHETIC
IN-00012,20.254528929707043,85.79777236865874,YES_SYNTHETIC
IN-00013,20.287313996843405,85.8815351922786,YES_SYNTHETIC
IN-00014,20.23603475643167,85.82734688768272,YES_SYNTHETIC
IN-00015,20.31458291377241,85.733790082544,YES_SYNTHETIC
IN-00016,20.317608970380288,85.75860482473746,YES_SYNTHETIC
IN-00017,20.209110318597055,85.91427710745067,YES_SYNTHETIC
IN-00018,20.38922640661491,85.88617946962329,YES_SYNTHETIC
IN-00019,20.257022753834672,85.74403442280128,YES_SYNTHETIC
IN-00020,20.332946605302432,85.81253049874792,YES_SYNTHETIC
IN-00021,20.220507646968954,85.82353538202226,YES_SYNTHETIC
IN-00022,20.20297770422304,85.90636408041576,YES_SYNTHETIC
IN-00023,20.247855996320002,85.8570044568708,YES_SYNTHETIC
IN-00024,20.25844221521788,85.82851360423557,YES_SYNTHETIC
IN-00025,20.305442055868657,85.7614708911051,YES_SYNTHETIC
IN-00026,20.39001692555291,85.87952656467222,YES_SYNTHETIC
IN-00027,20.38399978831284,85.90346547008554,YES_SYNTHETIC
IN-00028,20.315679995762217,85.90887484700463,YES_SYNTHETIC
IN-00029,20.213798500410384,85.76369657248382,YES_SYNTHETIC
IN-00030,20.205145457782105,85.78956606615266,YES_SYNTHETIC
IN-00031,20.273835457937896,85.77876980635477,YES_SYNTHETIC
IN-00032,20.361847501830386,85.79585066533872,YES_SYNTHETIC
IN-00033,20.252286901937474,85.83303921663165,YES_SYNTHETIC
IN-00034,20.22428484499495,85.88493939615081,YES_SYNTHETIC
IN-00035,20.211010128735953,85.92187738732011,YES_SYNTHETIC
IN-00036,20.35054895385933,85.76424313630683,YES_SYNTHETIC
IN-00037,20.19720442342472,85.88759228569097,YES_SYNTHETIC
IN-00038,20.33747146876952,85.8703014336082,YES_SYNTHETIC
IN-00039,20.35035406933719,85.73930893034682,YES_SYNTHETIC
IN-00040,20.267793145708854,85.74767381190503,YES_SYNTHETIC
IN-00041,20.368720685175116,85.84915962536552,YES_SYNTHETIC
IN-00042,20.26227960497053,85.7372116700572,YES_SYNTHETIC
IN-00043,20.258296464343132,85.78953666440535,YES_SYNTHETIC
IN-00044,20.342021235667612,85.85201149427104,YES_SYNTHETIC
IN-00045,20.373542548515264,85.8189429850324,YES_SYNTHETIC
IN-00046,20.22001884918766,85.8671489574446,YES_SYNTHETIC
IN-00047,20.34825700972338,85.8367554395139,YES_SYNTHETIC
IN-00048,20.35029343599091,85.82325911927288,YES_SYNTHETIC
IN-00049,20.3006465658764,85.81000820367171,YES_SYNTHETIC
IN-00050,20.201183825348817,85.74607828539867,YES_SYNTHETIC
IN-00051,20.202385837137346,85.85178208225275,YES_SYNTHETIC
IN-00052,20.258971196215263,85.82621413823294,YES_SYNTHETIC
IN-00053,20.377613294785217,85.77435844582978,YES_SYNTHETIC
IN-00054,20.278176584607124,85.8756102277086,YES_SYNTHETIC
IN-00055,20.241859633098322,85.73989598196576,YES_SYNTHETIC
IN-00056,20.254050290582754,85.7567442574508,YES_SYNTHETIC
IN-00057,20.382039530468514,85.88612407591289,YES_SYNTHETIC
IN-00058,20.322780751302084,85.89879211803755,YES_SYNTHETIC
IN-00059,20.356834415379822,85.7618140117772,YES_SYNTHETIC
IN-00060,20.374611799697995,85.83236844838314,YES_SYNTHETIC
IN-00061,20.35758803103281,85.9037182599847,YES_SYNTHETIC
IN-00062,20.259700694994372,85.74651038490553,YES_SYNTHETIC
IN-00063,20.241687032508388,85.80992155772525,YES_SYNTHETIC
IN-00064,20.3597029531845,85.89664611665127,YES_SYNTHETIC
IN-00065,20.19749042610624,85.82664946051551,YES_SYNTHETIC
IN-00066,20.279582200629754,85.76892156209415,YES_SYNTHETIC
IN-00067,20.220073073466736,85.79202303428073,YES_SYNTHETIC
IN-00068,20.384681940782503,85.78914058640414,YES_SYNTHETIC
IN-00069,20.299858124348674,85.86510379177903,YES_SYNTHETIC
IN-00070,20.26882592047586,85.91885641654419,YES_SYNTHETIC
IN-00071,20.38858945898842,85.77485645916508,YES_SYNTHETIC
IN-00072,20.295549701178476,85.78467566196335,YES_SYNTHETIC
IN-00073,20.25306809887549,85.73187738947091,YES_SYNTHETIC
IN-00074,20.31801286679598,85.82503580464578,YES_SYNTHETIC
IN-00075,20.206395750249996,85.78022929284732,YES_SYNTHETIC
IN-00076,20.37775317719333,85.7724123781334,YES_SYNTHETIC
IN-00077,20.225078974418246,85.82239055205551,YES_SYNTHETIC
IN-00078,20.39323009082212,85.7729110543023,YES_SYNTHETIC
IN-00079,20.330527109481174,85.87682392306574,YES_SYNTHETIC
IN-00080,20.24362750879848,85.87014326972238,YES_SYNTHETIC
IN-00081,20.26965662654385,85.85096116611872,YES_SYNTHETIC
IN-00082,20.32280594215218,85.83165493681496,YES_SYNTHETIC
IN-00083,20.21415795401088,85.89156049911784,YES_SYNTHETIC
IN-00084,20.260256012994347,85.76180370207997,YES_SYNTHETIC
IN-00085,20.204255028310953,85.84267858863765,YES_SYNTHETIC
IN-00086,20.331612872368456,85.72781756578557,YES_SYNTHETIC
IN-00087,20.298518611659855,85.76979915503959,YES_SYNTHETIC
IN-00088,20.32513455808189,85.759373285801,YES_SYNTHETIC
IN-00089,20.33428754762049,85.8018470692601,YES_SYNTHETIC
IN-00090,20.383445997747344,85.7520041888292,YES_SYNTHETIC
IN-00091,20.26431327021005,85.74719470424812,YES_SYNTHETIC
IN-00092,20.381038723655713,85.89996787067619,YES_SYNTHETIC
IN-00093,20.24768832554303,85.85649680920683,YES_SYNTHETIC
IN-00094,20.359544440040242,85.83554016231989,YES_SYNTHETIC
IN-00095,20.3020301156712,85.7728704581801,YES_SYNTHETIC
IN-00096,20.21472055356118,85.90394315159067,YES_SYNTHETIC
IN-00097,20.376183611432666,85.85112029145465,YES_SYNTHETIC
IN-00098,20.26390595820974,85.79434191492253,YES_SYNTHETIC
IN-00099,20.341291135774046,85.90392205199052,YES_SYNTHETIC
IN-00100,20.373517284853023,85.88047510917153,YES_SYNTHETIC
IN-00101,20.324506329230857,85.741327992999,YES_SYNTHETIC
IN-00102,20.22842574281892,85.90421083770542,YES_SYNTHETIC
IN-00103,20.317385811931917,85.72633941032332,YES_SYNTHETIC
IN-00104,20.216394308573207,85.85720035382161,YES_SYNTHETIC
IN-00105,20.197112316769243,85.7566616102835,YES_SYNTHETIC
IN-00106,20.305846757873315,85.86287903953854,YES_SYNTHETIC
IN-00107,20.32649225190052,85.76935386189211,YES_SYNTHETIC
IN-00108,20.338535844269508,85.77194981749936,YES_SYNTHETIC
IN-00109,20.26117993963185,85.87379828102361,YES_SYNTHETIC
IN-00110,20.326026579809444,85.89434468209883,YES_SYNTHETIC
IN-00111,20.32762257846007,85.83816172066709,YES_SYNTHETIC
IN-00112,20.214834953565617,85.79804316061188,YES_SYNTHETIC
IN-00113,20.249140473536343,85.77329792867582,YES_SYNTHETIC
IN-00114,20.39070211095049,85.80311954493335,YES_SYNTHETIC
IN-00115,20.37450931103542,85.85072772519945,YES_SYNTHETIC
IN-00116,20.35506226070833,85.82502741862103,YES_SYNTHETIC
IN-00117,20.311480776925272,85.82300353876377,YES_SYNTHETIC
IN-00118,20.235148597559608,85.8689904230523,YES_SYNTHETIC
IN-00119,20.252254472488172,85.72936319328629,YES_SYNTHETIC
IN-00120,20.325194459181432,85.75992213588141,YES_SYNTHETIC
IN-00121,20.384191716870582,85.91528571540051,YES_SYNTHETIC
IN-00122,20.379072878044088,85.79853174005109,YES_SYNTHETIC
IN-00123,20.199191323305772,85.91016371251754,YES_SYNTHETIC
IN-00124,20.281736829663462,85.91783096380874,YES_SYNTHETIC
IN-00125,20.388823995417848,85.89510189109347,YES_SYNTHETIC
IN-00126,20.254989778413915,85.80151954572038,YES_SYNTHETIC
IN-00127,20.36632733430337,85.78788440103125,YES_SYNTHETIC
IN-00128,20.229998549337218,85.83586025249167,YES_SYNTHETIC
IN-00129,20.383330954832154,85.863705959335,YES_SYNTHETIC
IN-00130,20.310112234017872,85.74393529875415,YES_SYNTHETIC
IN-00131,20.319101445339832,85.92251077002085,YES_SYNTHETIC
IN-00132,20.224116803047306,85.82816593047275,YES_SYNTHETIC
IN-00133,20.37157461438559,85.87265372355084,YES_SYNTHETIC
IN-00134,20.335503148199052,85.86499681679743,YES_SYNTHETIC
IN-00135,20.26799823024395,85.7832183688529,YES_SYNTHETIC
IN-00136,20.3579722310957,85.88652267893583,YES_SYNTHETIC
IN-00137,20.36951446371602,85.9071481105113,YES_SYNTHETIC
IN-00138,20.298368479772186,85.82480325893744,YES_SYNTHETIC
IN-00139,20.355759035793355,85.85449278615555,YES_SYNTHETIC
IN-00140,20.33649337545154,85.88365853388721,YES_SYNTHETIC
IN-00141,20.37410106836351,85.79209903137031,YES_SYNTHETIC
IN-00142,20.271216590527988,85.74329638796817,YES_SYNTHETIC
IN-00143,20.311756028199234,85.73168845475935,YES_SYNTHETIC
IN-00144,20.289219603626492,85.83302892694151,YES_SYNTHETIC
IN-00145,20.253408250425657,85.8426666521138,YES_SYNTHETIC
IN-00146,20.20220004998781,85.73196963774984,YES_SYNTHETIC
IN-00147,20.36062011213193,85.79653812828225,YES_SYNTHETIC
IN-00148,20.221512102530376,85.82894865201096,YES_SYNTHETIC
IN-00149,20.350098710619722,85.76766420549937,YES_SYNTHETIC
IN-00150,20.3206780951638,85.74156949299875,YES_SYNTHETIC
IN-00151,20.20643634423372,85.83077092631363,YES_SYNTHETIC
IN-00152,20.30422702432202,85.85198598029965,YES_SYNTHETIC
IN-00153,20.34131826674453,85.91967041589251,YES_SYNTHETIC
IN-00154,20.29936006966024,85.78909129458825,YES_SYNTHETIC
IN-00155,20.35513723895374,85.77866645025242,YES_SYNTHETIC
IN-00156,20.283894284141127,85.74019127626845,YES_SYNTHETIC
IN-00157,20.20117014868309,85.91702968293559,YES_SYNTHETIC
IN-00158,20.36329602410244,85.86369484121875,YES_SYNTHETIC
IN-00159,20.277890588882855,85.75915886401417,YES_SYNTHETIC
IN-00160,20.227387408534216,85.77454857963292,YES_SYNTHETIC
IN-00161,20.305945332941224,85.86741918454001,YES_SYNTHETIC
IN-00162,20.328139475343544,85.7804867793892,YES_SYNTHETIC
IN-00163,20.38707305613264,85.87207938333916,YES_SYNTHETIC
IN-00164,20.30697081050228,85.84684414924688,YES_SYNTHETIC
IN-00165,20.280020012485558,85.77404619790023,YES_SYNTHETIC
IN-00166,20.26729453573025,85.87606922209288,YES_SYNTHETIC
IN-00167,20.198978697725952,85.74771452810138,YES_SYNTHETIC
IN-00168,20.20530052840435,85.7326457604638,YES_SYNTHETIC
IN-00169,20.3671921168022,85.86523157187601,YES_SYNTHETIC
IN-00170,20.290934765817465,85.7440668321302,YES_SYNTHETIC
IN-00171,20.294423175023365,85.81919435415611,YES_SYNTHETIC
IN-00172,20.230740373982,85.8112703298476,YES_SYNTHETIC
IN-00173,20.275800946879475,85.84767001961045,YES_SYNTHETIC
IN-00174,20.32311873017353,85.73356080195441,YES_SYNTHETIC
IN-00175,20.271022522925293,85.84967198314284,YES_SYNTHETIC
IN-00176,20.296727251716018,85.89579796823766,YES_SYNTHETIC
IN-00177,20.327838726323787,85.75708688541629,YES_SYNTHETIC
IN-00178,20.210213749480086,85.85298385564127,YES_SYNTHETIC
IN-00179,20.201402262108324,85.8416551162547,YES_SYNTHETIC
IN-00180,20.38414604828499,85.83959483557517,YES_SYNTHETIC
IN-00181,20.273733985241304,85.85315764368848,YES_SYNTHETIC
IN-00182,20.2877505780983,85.83362335786319,YES_SYNTHETIC
IN-00183,20.384392961755303,85.80172052756015,YES_SYNTHETIC
IN-00184,20.38833811276478,85.90557012839122,YES_SYNTHETIC
IN-00185,20.235258226957857,85.73837226017503,YES_SYNTHETIC
IN-00186,20.216255600275485,85.7281443651303,YES_SYNTHETIC
IN-00187,20.214988592151183,85.86110135468327,YES_SYNTHETIC
IN-00188,20.210337729692046,85.78829512605876,YES_SYNTHETIC
IN-00189,20.36507506219389,85.72915438714716,YES_SYNTHETIC
IN-00190,20.358993696517786,85.78087095495468,YES_SYNTHETIC
IN-00191,20.21973296552433,85.86384743307283,YES_SYNTHETIC
IN-00192,20.321888569355977,85.89999440270542,YES_SYNTHETIC
IN-00193,20.343114208760777,85.88519618607697,YES_SYNTHETIC
IN-00194,20.25250691451426,85.75998790875595,YES_SYNTHETIC
IN-00195,20.34622295032817,85.88586694785346,YES_SYNTHETIC
IN-00196,20.394201028400133,85.80702353538229,YES_SYNTHETIC
IN-00197,20.270503617158557,85.8797825921484,YES_SYNTHETIC
IN-00198,20.264260708050603,85.91065146512071,YES_SYNTHETIC
IN-00199,20.367782550368602,85.810298805475,YES_SYNTHETIC
IN-00200,20.3462742135583,85.87540857481693,YES_SYNTHETIC
IN-00201,20.216724773767186,85.90501058133592,YES_SYNTHETIC
IN-00202,20.29715047448957,85.88979149322155,YES_SYNTHETIC
IN-00203,20.260109920206123,85.90360464569925,YES_SYNTHETIC
IN-00204,20.273940335746833,85.72666753029606,YES_SYNTHETIC
IN-00205,20.37717639528385,85.74275733535723,YES_SYNTHETIC
IN-00206,20.259962727518083,85.91451239341016,YES_SYNTHETIC
IN-00207,20.38622142938751,85.83918757762466,YES_SYNTHETIC
IN-00208,20.322467442433958,85.81418910439567,YES_SYNTHETIC
IN-00209,20.254742154339613,85.79023290907398,YES_SYNTHETIC
IN-00210,20.33060369121541,85.87497490588754,YES_SYNTHETIC
IN-00211,20.35441580874517,85.88242362855891,YES_SYNTHETIC
IN-00212,20.214341220609736,85.82338406094051,YES_SYNTHETIC
IN-00213,20.207611752003327,85.83440577646475,YES_SYNTHETIC
IN-00214,20.284406100274676,85.90204083655166,YES_SYNTHETIC
IN-00215,20.266283002510416,85.74791340328552,YES_SYNTHETIC
IN-00216,20.224698336410565,85.87680212634349,YES_SYNTHETIC
IN-00217,20.319743612663252,85.74472453522456,YES_SYNTHETIC
IN-00218,20.212921361223,85.86469382629183,YES_SYNTHETIC
IN-00219,20.210652601272837,85.88887201185807,YES_SYNTHETIC
IN-00220,20.3373484454313,85.74076975612839,YES_SYNTHETIC
IN-00221,20.213067542817036,85.92182791570023,YES_SYNTHETIC
IN-00222,20.270954159151223,85.79862842941338,YES_SYNTHETIC
IN-00223,20.3586599134515,85.91394971547678,YES_SYNTHETIC
IN-00224,20.393300212764572,85.87517563705178,YES_SYNTHETIC
IN-00225,20.271351917106184,85.74120014333974,YES_SYNTHETIC
IN-00226,20.351529383185486,85.83618084994716,YES_SYNTHETIC
IN-00227,20.280944401849393,85.90577087701895,YES_SYNTHETIC
IN-00228,20.21833949646123,85.82302502085817,YES_SYNTHETIC
IN-00229,20.19837072895348,85.81823212839882,YES_SYNTHETIC
IN-00230,20.207360655136366,85.74826358325362,YES_SYNTHETIC
IN-00231,20.21960524935542,85.8543420604232,YES_SYNTHETIC
IN-00232,20.345308975853083,85.84117375301943,YES_SYNTHETIC
IN-00233,20.388534509694907,85.79947411590474,YES_SYNTHETIC
IN-00234,20.25324241725637,85.8982198256379,YES_SYNTHETIC
IN-00235,20.24081916770389,85.91714450788812,YES_SYNTHETIC
IN-00236,20.198530894937964,85.91847576534153,YES_SYNTHETIC
IN-00237,20.204731982390115,85.90272862273962,YES_SYNTHETIC
IN-00238,20.30164022181726,85.92309295922387,YES_SYNTHETIC
IN-00239,20.21085931294708,85.83527085688027,YES_SYNTHETIC
IN-00240,20.38996050712382,85.82911956883403,YES_SYNTHETIC
IN-00241,20.321979727627053,85.86364973779692,YES_SYNTHETIC
IN-00242,20.287008212953555,85.85001161601681,YES_SYNTHETIC
IN-00243,20.31296286238462,85.9047316020982,YES_SYNTHETIC
IN-00244,20.20518927606829,85.78069263791845,YES_SYNTHETIC
IN-00245,20.38618229681531,85.90255275677818,YES_SYNTHETIC
IN-00246,20.287231350557143,85.84852651956031,YES_SYNTHETIC
IN-00247,20.251576236596225,85.76212423194475,YES_SYNTHETIC
IN-00248,20.288839680987994,85.79517044560521,YES_SYNTHETIC
IN-00249,20.312831222370175,85.740046927393,YES_SYNTHETIC
IN-00250,20.390978961533232,85.92174214889592,YES_SYNTHETIC
IN-00251,20.335732342803947,85.83171927326883,YES_SYNTHETIC
IN-00252,20.258005523257264,85.8872590039414,YES_SYNTHETIC
IN-00253,20.333046234510775,85.75702338786898,YES_SYNTHETIC
IN-00254,20.378285436898768,85.88900744858464,YES_SYNTHETIC
IN-00255,20.386059982658384,85.86964390167768,YES_SYNTHETIC
IN-00256,20.318783039187156,85.80814860725812,YES_SYNTHETIC
IN-00257,20.382645696670803,85.89771277790008,YES_SYNTHETIC
IN-00258,20.205143734021238,85.72977339489945,YES_SYNTHETIC
IN-00259,20.27139267337561,85.88661066615637,YES_SYNTHETIC
IN-00260,20.39355522586299,85.7545833782207,YES_SYNTHETIC
IN-00261,20.314926143070426,85.80067817132621,YES_SYNTHETIC
IN-00262,20.390082879562918,85.89292378462714,YES_SYNTHETIC
IN-00263,20.363765740942227,85.81823863195899,YES_SYNTHETIC
IN-00264,20.27906390046753,85.77918141438614,YES_SYNTHETIC
IN-00265,20.207375099330186,85.897444475251,YES_SYNTHETIC
IN-00266,20.358680201826015,85.92444353465723,YES_SYNTHETIC
IN-00267,20.39542736741478,85.83558634112053,YES_SYNTHETIC
IN-00268,20.349897483036102,85.91345314597649,YES_SYNTHETIC
IN-00269,20.36602947813548,85.77396962034864,YES_SYNTHETIC
IN-00270,20.28620882706202,85.7503318830303,YES_SYNTHETIC
IN-00271,20.386910205451745,85.84573492689017,YES_SYNTHETIC
IN-00272,20.241828561100693,85.85884013688117,YES_SYNTHETIC
IN-00273,20.319725648091577,85.79613254360657,YES_SYNTHETIC
IN-00274,20.218811518439924,85.85881463911856,YES_SYNTHETIC
IN-00275,20.300161540180756,85.87896367834713,YES_SYNTHETIC
IN-00276,20.3001327002224,85.8949363000637,YES_SYNTHETIC
IN-00277,20.306481367754895,85.83668759430708,YES_SYNTHETIC
IN-00278,20.371430720531666,85.80519657324248,YES_SYNTHETIC
IN-00279,20.222903045690128,85.73025653526267,YES_SYNTHETIC
IN-00280,20.347127451134725,85.84856191027069,YES_SYNTHETIC
IN-00281,20.336915953619844,85.76709283230178,YES_SYNTHETIC
IN-00282,20.223374295117353,85.72740893313357,YES_SYNTHETIC
IN-00283,20.26621751176132,85.84248353737092,YES_SYNTHETIC
IN-00284,20.274548809019947,85.81199498440475,YES_SYNTHETIC
IN-00285,20.376931738898747,85.79415109340466,YES_SYNTHETIC
IN-00286,20.29889789783196,85.88123060254823,YES_SYNTHETIC
IN-00287,20.275408556464253,85.84891734004557,YES_SYNTHETIC
IN-00288,20.368572741749347,85.91440412473153,YES_SYNTHETIC
IN-00289,20.225514696185808,85.9098175250323,YES_SYNTHETIC
IN-00290,20.294523258615907,85.7761488776598,YES_SYNTHETIC
IN-00291,20.28792715124765,85.9205065150571,YES_SYNTHETIC
IN-00292,20.294623618798575,85.7902503220575,YES_SYNTHETIC
IN-00293,20.322780170863343,85.77252912375563,YES_SYNTHETIC
IN-00294,20.21127266562173,85.75027594438212,YES_SYNTHETIC
IN-00295,20.221709167791552,85.75488053870247,YES_SYNTHETIC
IN-00296,20.22386543452988,85.85267494896064,YES_SYNTHETIC
IN-00297,20.23247601687983,85.79363345666478,YES_SYNTHETIC
IN-00298,20.375457681981203,85.81929232805257,YES_SYNTHETIC
IN-00299,20.329611547704204,85.75896397424033,YES_SYNTHETIC
IN-00300,20.23455780376173,85.7326737232533,YES_SYNTHETIC
IN-00301,20.229887012614434,85.78021806780639,YES_SYNTHETIC
IN-00302,20.231502096855348,85.74224050675141,YES_SYNTHETIC
IN-00303,20.22022717422012,85.81665575360654,YES_SYNTHETIC
IN-00304,20.237366743681157,85.79735397220962,YES_SYNTHETIC
IN-00305,20.29678345417097,85.86257896572587,YES_SYNTHETIC
IN-00306,20.203962427968218,85.88438207978182,YES_SYNTHETIC
IN-00307,20.32168007789818,85.74085180638977,YES_SYNTHETIC
IN-00308,20.370815724821355,85.90867448010636,YES_SYNTHETIC
IN-00309,20.208315591970972,85.77987552962944,YES_SYNTHETIC
IN-00310,20.35734025595861,85.87415193807674,YES_SYNTHETIC
IN-00311,20.233004203871275,85.76636986466734,YES_SYNTHETIC
IN-00312,20.270194420558276,85.82140459703821,YES_SYNTHETIC
IN-00313,20.31975095430606,85.79828272791396,YES_SYNTHETIC
IN-00314,20.28860694322663,85.87399418762675,YES_SYNTHETIC
IN-00315,20.20343664057812,85.77498738886881,YES_SYNTHETIC
IN-00316,20.33876991717691,85.90354136753744,YES_SYNTHETIC
IN-00317,20.29843548842313,85.83092269705307,YES_SYNTHETIC
IN-00318,20.217534402267955,85.81398247336469,YES_SYNTHETIC
IN-00319,20.302623453291005,85.77299410072695,YES_SYNTHETIC
IN-00320,20.249948646189875,85.79995683262092,YES_SYNTHETIC
IN-00321,20.200114239555546,85.78891583311663,YES_SYNTHETIC
IN-00322,20.23838960139931,85.78999947043559,YES_SYNTHETIC
IN-00323,20.22005242636385,85.90260545614798,YES_SYNTHETIC
IN-00324,20.31481849071081,85.8603204638289,YES_SYNTHETIC
IN-00325,20.353934247721465,85.82418843978581,YES_SYNTHETIC
IN-00326,20.213484057617485,85.8319213083637,YES_SYNTHETIC
IN-00327,20.313468223604175,85.87358789483686,YES_SYNTHETIC
IN-00328,20.282431909245936,85.75001606055912,YES_SYNTHETIC
IN-00329,20.252855181159745,85.79711645927972,YES_SYNTHETIC
IN-00330,20.32528344826632,85.83865566093378,YES_SYNTHETIC
IN-00331,20.26731934517957,85.9218030497586,YES_SYNTHETIC
IN-00332,20.317254963871378,85.7719453583472,YES_SYNTHETIC
IN-00333,20.21645649452408,85.75507182783687,YES_SYNTHETIC
IN-00334,20.2452915456769,85.75663627465191,YES_SYNTHETIC
IN-00335,20.23341340481026,85.78151903373877,YES_SYNTHETIC
IN-00336,20.23077471905895,85.90385308492529,YES_SYNTHETIC
IN-00337,20.212146749132327,85.82940227791406,YES_SYNTHETIC
IN-00338,20.278179365397932,85.92097572338172,YES_SYNTHETIC
IN-00339,20.218507780433608,85.80407111980915,YES_SYNTHETIC
IN-00340,20.389994086655072,85.89760142517879,YES_SYNTHETIC
IN-00341,20.359514414189857,85.77608056540899,YES_SYNTHETIC
IN-00342,20.23027751747801,85.85822864398489,YES_SYNTHETIC
IN-00343,20.381975197825515,85.83585257860278,YES_SYNTHETIC
IN-00344,20.310422537893977,85.78049581873206,YES_SYNTHETIC
IN-00345,20.349998586638385,85.76190874971151,YES_SYNTHETIC
IN-00346,20.26083584728085,85.80958728772329,YES_SYNTHETIC
IN-00347,20.29762207573689,85.77298194648301,YES_SYNTHETIC
IN-00348,20.21906736494784,85.84662400848833,YES_SYNTHETIC
IN-00349,20.25382611064805,85.84074764428452,YES_SYNTHETIC
IN-00350,20.22697254305484,85.82072802037096,YES_SYNTHETIC
IN-00351,20.302617886510316,85.73486470736448,YES_SYNTHETIC
IN-00352,20.263420855638785,85.7513829353878,YES_SYNTHETIC
IN-00353,20.208774994094554,85.92249204647798,YES_SYNTHETIC
IN-00354,20.260570768994945,85.88647488917093,YES_SYNTHETIC
IN-00355,20.247028130952753,85.86080054444479,YES_SYNTHETIC
IN-00356,20.348145571977938,85.84362774812156,YES_SYNTHETIC
IN-00357,20.290415237710032,85.80686818282945,YES_SYNTHETIC
IN-00358,20.2658736533086,85.91040582884956,YES_SYNTHETIC
IN-00359,20.362223881557544,85.9175053821333,YES_SYNTHETIC
IN-00360,20.220959444697108,85.87067349504073,YES_SYNTHETIC
IN-00361,20.383768091364207,85.76074661323314,YES_SYNTHETIC
IN-00362,20.209399253473354,85.87272412985801,YES_SYNTHETIC
IN-00363,20.31099462263598,85.89286575535165,YES_SYNTHETIC
IN-00364,20.224054475325257,85.88355346237198,YES_SYNTHETIC
IN-00365,20.23642546400955,85.75723118857314,YES_SYNTHETIC
IN-00366,20.228953159586197,85.88741494404627,YES_SYNTHETIC
IN-00367,20.32913944413924,85.82911308495382,YES_SYNTHETIC
IN-00368,20.2678660968247,85.89994010816262,YES_SYNTHETIC
IN-00369,20.274589021484527,85.88781988789431,YES_SYNTHETIC
IN-00370,20.283926981714043,85.79988888588498,YES_SYNTHETIC
IN-00371,20.28863595713392,85.78477557483284,YES_SYNTHETIC
IN-00372,20.34562187603525,85.8250440780185,YES_SYNTHETIC
IN-00373,20.242542539029362,85.90441491465491,YES_SYNTHETIC
IN-00374,20.27287824427464,85.8332105722228,YES_SYNTHETIC
IN-00375,20.377394422192907,85.84934759918279,YES_SYNTHETIC
IN-00376,20.219479608141672,85.9124664247227,YES_SYNTHETIC
IN-00377,20.321641610614282,85.79148112293142,YES_SYNTHETIC
IN-00378,20.223954414532678,85.88330503785406,YES_SYNTHETIC
IN-00379,20.320114551185704,85.83119221839526,YES_SYNTHETIC
IN-00380,20.374878516610192,85.8822194422449,YES_SYNTHETIC
IN-00381,20.22643497594655,85.78684441355911,YES_SYNTHETIC
IN-00382,20.245797827962893,85.87328925851453,YES_SYNTHETIC
IN-00383,20.202806486947154,85.83847793697426,YES_SYNTHETIC
IN-00384,20.348591737148137,85.89985312735234,YES_SYNTHETIC
IN-00385,20.264516349743182,85.8887514609344,YES_SYNTHETIC
IN-00386,20.21822634739104,85.8937904583469,YES_SYNTHETIC
IN-00387,20.221597732466396,85.80395745811208,YES_SYNTHETIC
IN-00388,20.35555907315591,85.75448348546975,YES_SYNTHETIC
IN-00389,20.241950279046527,85.86895051367861,YES_SYNTHETIC
IN-00390,20.340107307309214,85.85272952657706,YES_SYNTHETIC
IN-00391,20.33488968889342,85.83304488866952,YES_SYNTHETIC
IN-00392,20.24645981178139,85.79363919870079,YES_SYNTHETIC
IN-00393,20.232419543360283,85.90619011226673,YES_SYNTHETIC
IN-00394,20.312778358953224,85.80467028335273,YES_SYNTHETIC
IN-00395,20.288501160728824,85.91395666792236,YES_SYNTHETIC
IN-00396,20.226770280623214,85.84174596640337,YES_SYNTHETIC
IN-00397,20.29727773577689,85.84679084708694,YES_SYNTHETIC
IN-00398,20.199722036764168,85.89892478178884,YES_SYNTHETIC
IN-00399,20.382523656496723,85.83752663671784,YES_SYNTHETIC
IN-00400,20.335430164775378,85.90899987623546,YES_SYNTHETIC
IN-00401,20.337547726862677,85.75500780858285,YES_SYNTHETIC
IN-00402,20.311357672033363,85.84584300927658,YES_SYNTHETIC
IN-00403,20.280926134260476,85.87178884712495,YES_SYNTHETIC
IN-00404,20.3829734029538,85.90961370258135,YES_SYNTHETIC
IN-00405,20.286267874280824,85.74714760916815,YES_SYNTHETIC
IN-00406,20.393068239792466,85.89227961728919,YES_SYNTHETIC
IN-00407,20.221032536240653,85.90866837652348,YES_SYNTHETIC
IN-00408,20.370079272412426,85.82826761142522,YES_SYNTHETIC
IN-00409,20.314355087148986,85.80430054077402,YES_SYNTHETIC
IN-00410,20.207052327764405,85.79153944832917,YES_SYNTHETIC
IN-00411,20.3566706897196,85.72542640460092,YES_SYNTHETIC
IN-00412,20.262799834338228,85.80413373871819,YES_SYNTHETIC
IN-00413,20.303579120587585,85.90847112328255,YES_SYNTHETIC
IN-00414,20.26536919887319,85.79389064037925,YES_SYNTHETIC
IN-00415,20.34360024962195,85.81494358817797,YES_SYNTHETIC
IN-00416,20.241020964587996,85.81498790322654,YES_SYNTHETIC
IN-00417,20.22427140407596,85.75977739730125,YES_SYNTHETIC
IN-00418,20.295773554547896,85.8082850899009,YES_SYNTHETIC
IN-00419,20.37906918021362,85.79697877982333,YES_SYNTHETIC
IN-00420,20.312217670055606,85.8509528575839,YES_SYNTHETIC
IN-00421,20.198718891317665,85.85720747440334,YES_SYNTHETIC
IN-00422,20.23170719337395,85.91671406349388,YES_SYNTHETIC
IN-00423,20.22583254555062,85.80742482474541,YES_SYNTHETIC
IN-00424,20.213169933615728,85.92387485036919,YES_SYNTHETIC
IN-00425,20.296539002066247,85.843577003464,YES_SYNTHETIC
IN-00426,20.209515295477683,85.87449209407984,YES_SYNTHETIC
IN-00427,20.238081118619117,85.90411085788814,YES_SYNTHETIC
IN-00428,20.2371279280964,85.76263754413273,YES_SYNTHETIC
IN-00429,20.203409933569617,85.818913389022,YES_SYNTHETIC
IN-00430,20.30906822665252,85.73764172788567,YES_SYNTHETIC
IN-00431,20.351205523339,85.81515776694961,YES_SYNTHETIC
IN-00432,20.300978053865514,85.81265254938765,YES_SYNTHETIC
IN-00433,20.276252612175064,85.83642806626165,YES_SYNTHETIC
IN-00434,20.22714804918614,85.76088562609905,YES_SYNTHETIC
IN-00435,20.368457124202703,85.91372309242672,YES_SYNTHETIC
IN-00436,20.27076186325595,85.7786489346287,YES_SYNTHETIC
IN-00437,20.3248999086478,85.80624683421962,YES_SYNTHETIC
IN-00438,20.201177271132067,85.75573051947323,YES_SYNTHETIC
IN-00439,20.33929444576948,85.85628478838203,YES_SYNTHETIC
IN-00440,20.201519198500694,85.76889443238659,YES_SYNTHETIC
IN-00441,20.242314959317614,85.85887854871974,YES_SYNTHETIC
IN-00442,20.20004210755087,85.74532171639692,YES_SYNTHETIC
IN-00443,20.356083217074637,85.76020893241086,YES_SYNTHETIC
IN-00444,20.326649221570374,85.77213655620935,YES_SYNTHETIC
IN-00445,20.21598827855187,85.77313443819989,YES_SYNTHETIC
IN-00446,20.34055338637113,85.89563929362126,YES_SYNTHETIC
IN-00447,20.362143972913398,85.80393670592369,YES_SYNTHETIC
IN-00448,20.32971702731413,85.76549685908317,YES_SYNTHETIC
IN-00449,20.2547295460522,85.90376716370423,YES_SYNTHETIC
IN-00450,20.198700384702146,85.7416017061709,YES_SYNTHETIC
IN-00451,20.237677251029204,85.72980644077477,YES_SYNTHETIC
IN-00452,20.23238708701796,85.84110831219394,YES_SYNTHETIC
IN-00453,20.2803849101185,85.90303434221539,YES_SYNTHETIC
IN-00454,20.359588712347687,85.79286347033957,YES_SYNTHETIC
IN-00455,20.24798468668626,85.80043848163345,YES_SYNTHETIC
IN-00456,20.31415898850296,85.77811272816457,YES_SYNTHETIC
IN-00457,20.320929781569827,85.80638233043825,YES_SYNTHETIC
IN-00458,20.306509436170394,85.81172530582707,YES_SYNTHETIC
IN-00459,20.254993151908383,85.91419066139242,YES_SYNTHETIC
IN-00460,20.348821158831953,85.7525226351533,YES_SYNTHETIC
IN-00461,20.369793595179583,85.8219862396499,YES_SYNTHETIC
IN-00462,20.375010445378816,85.88447105118946,YES_SYNTHETIC
IN-00463,20.281142700893845,85.72899386166402,YES_SYNTHETIC
IN-00464,20.249835471876988,85.83282684293218,YES_SYNTHETIC
IN-00465,20.32279564396523,85.77607753708664,YES_SYNTHETIC
IN-00466,20.223971214814565,85.89148604735986,YES_SYNTHETIC
IN-00467,20.39298043614071,85.82963803646054,YES_SYNTHETIC
IN-00468,20.23043585716966,85.77896146530388,YES_SYNTHETIC
IN-00469,20.199778135309494,85.9073597613121,YES_SYNTHETIC
IN-00470,20.219650216578028,85.83980329510285,YES_SYNTHETIC
IN-00471,20.25091104413744,85.83533560050316,YES_SYNTHETIC
IN-00472,20.326384077670372,85.89044836074144,YES_SYNTHETIC
IN-00473,20.23738425435212,85.7266991657317,YES_SYNTHETIC
IN-00474,20.223477126013762,85.90450372836962,YES_SYNTHETIC
IN-00475,20.370878015512503,85.84398262043406,YES_SYNTHETIC
IN-00476,20.31620337208673,85.85750733490926,YES_SYNTHETIC
IN-00477,20.23117425572469,85.90738238918499,YES_SYNTHETIC
IN-00478,20.279854104978412,85.8011277056499,YES_SYNTHETIC
IN-00479,20.299883541056566,85.73389319335502,YES_SYNTHETIC
IN-00480,20.229356673751216,85.87210672328527,YES_SYNTHETIC
IN-00481,20.212659733585024,85.84513042189327,YES_SYNTHETIC
IN-00482,20.245169821936262,85.8023591228084,YES_SYNTHETIC
IN-00483,20.253838747354138,85.79563454329299,YES_SYNTHETIC
IN-00484,20.339909181036848,85.78392434312464,YES_SYNTHETIC
IN-00485,20.30938092805938,85.81971008043982,YES_SYNTHETIC
IN-00486,20.328834233072527,85.91186594786495,YES_SYNTHETIC
IN-00487,20.34261441944205,85.76748807571815,YES_SYNTHETIC
IN-00488,20.202336627012254,85.77695280885996,YES_SYNTHETIC
IN-00489,20.31511558614005,85.73478516269685,YES_SYNTHETIC
IN-00490,20.295373249440246,85.84386856978338,YES_SYNTHETIC
IN-00491,20.26294877816339,85.87868244074916,YES_SYNTHETIC
IN-00492,20.217419650626752,85.73952755634716,YES_SYNTHETIC
IN-00493,20.34173775124072,85.82359826324124,YES_SYNTHETIC
IN-00494,20.333780479285547,85.81146546772075,YES_SYNTHETIC
IN-00495,20.245380406647822,85.88832046353484,YES_SYNTHETIC
IN-00496,20.355983175793796,85.86343929417089,YES_SYNTHETIC
IN-00497,20.250529027445992,85.84254613337382,YES_SYNTHETIC
IN-00498,20.268294779388004,85.74281641466533,YES_SYNTHETIC
IN-00499,20.379562715092447,85.7518637261838,YES_SYNTHETIC
IN-00500,20.38614747076416,85.8137011545916,YES_SYNTHETIC
IN-00501,20.233126585767724,85.83288018947567,YES_SYNTHETIC
IN-00502,20.370689167175282,85.87094497728191,YES_SYNTHETIC
IN-00503,20.35741222957229,85.85625667334214,YES_SYNTHETIC
IN-00504,20.334555312903568,85.89433913031307,YES_SYNTHETIC
IN-00505,20.246033601771835,85.82238499272863,YES_SYNTHETIC
IN-00506,20.24034188836392,85.92203360159932,YES_SYNTHETIC
IN-00507,20.384911867937323,85.7323853622737,YES_SYNTHETIC
IN-00508,20.33721503450314,85.90954966348313,YES_SYNTHETIC
IN-00509,20.232215069025465,85.83808904611053,YES_SYNTHETIC
IN-00510,20.379197659517608,85.73128919571717,YES_SYNTHETIC
IN-00511,20.335584053449367,85.78396980147451,YES_SYNTHETIC
IN-00512,20.380979239075305,85.91871164903307,YES_SYNTHETIC
IN-00513,20.384953297822687,85.8193428433315,YES_SYNTHETIC
IN-00514,20.36850853019786,85.89340987970701,YES_SYNTHETIC
IN-00515,20.25992009464865,85.89028309483014,YES_SYNTHETIC
IN-00516,20.203501526943096,85.84375397569642,YES_SYNTHETIC
IN-00517,20.24210176745754,85.74861337715545,YES_SYNTHETIC
IN-00518,20.21149064032584,85.86375775517563,YES_SYNTHETIC
IN-00519,20.264074992753613,85.86945335430575,YES_SYNTHETIC
IN-00520,20.20917126815979,85.78755806756612,YES_SYNTHETIC
IN-00521,20.303998258475065,85.8826446329678,YES_SYNTHETIC
IN-00522,20.259850500586413,85.8496782752874,YES_SYNTHETIC
IN-00523,20.373295549647235,85.84767263763646,YES_SYNTHETIC
IN-00524,20.242691894950728,85.72938015631131,YES_SYNTHETIC
IN-00525,20.370119774780186,85.72875388217008,YES_SYNTHETIC
IN-00526,20.37104033453684,85.83028742680544,YES_SYNTHETIC
IN-00527,20.38391353970258,85.88425664715473,YES_SYNTHETIC
IN-00528,20.395686822106665,85.79464236309035,YES_SYNTHETIC
IN-00529,20.349537657786225,85.80488618272184,YES_SYNTHETIC
IN-00530,20.29207512406078,85.85000109264368,YES_SYNTHETIC
IN-00531,20.370835422837267,85.92131669383986,YES_SYNTHETIC
IN-00532,20.349754682772904,85.80805335643346,YES_SYNTHETIC
IN-00533,20.28037140045541,85.87201646031778,YES_SYNTHETIC
IN-00534,20.24385542915366,85.74659482262628,YES_SYNTHETIC
IN-00535,20.267024431528153,85.78194779833082,YES_SYNTHETIC
IN-00536,20.255361624091197,85.77122155020999,YES_SYNTHETIC
IN-00537,20.204518637927272,85.72807478694668,YES_SYNTHETIC
IN-00538,20.393644477947205,85.81005462674717,YES_SYNTHETIC
IN-00539,20.272965329431937,85.86042945653861,YES_SYNTHETIC
IN-00540,20.23975077757301,85.91449223679004,YES_SYNTHETIC
IN-00541,20.35336900288311,85.74238220046246,YES_SYNTHETIC
IN-00542,20.279616155156983,85.90032366151243,YES_SYNTHETIC
IN-00543,20.385046404458283,85.81798030224998,YES_SYNTHETIC
IN-00544,20.31878227784214,85.75790678921841,YES_SYNTHETIC
IN-00545,20.394333725227394,85.77083434027669,YES_SYNTHETIC
IN-00546,20.384646354827023,85.85442932979848,YES_SYNTHETIC
IN-00547,20.317647358975773,85.8270377022033,YES_SYNTHETIC
IN-00548,20.24223396234355,85.7598056064011,YES_SYNTHETIC
IN-00549,20.240197241814034,85.76178765242885,YES_SYNTHETIC
IN-00550,20.35201689471335,85.79452505183335,YES_SYNTHETIC
IN-00551,20.207668535312678,85.91832052602817,YES_SYNTHETIC
IN-00552,20.372857176992685,85.91005045663904,YES_SYNTHETIC
IN-00553,20.395081564529285,85.7592790498439,YES_SYNTHETIC
IN-00554,20.27534840378053,85.87614769514082,YES_SYNTHETIC
IN-00555,20.335304123610758,85.75527918126797,YES_SYNTHETIC
IN-00556,20.359266624998124,85.76938811436733,YES_SYNTHETIC
IN-00557,20.240863522964524,85.83189488457869,YES_SYNTHETIC
IN-00558,20.31468798696834,85.84051724156757,YES_SYNTHETIC
IN-00559,20.21439736747955,85.89999217252608,YES_SYNTHETIC
IN-00560,20.24922000851774,85.75040298425657,YES_SYNTHETIC
IN-00561,20.373849615973796,85.91563029964595,YES_SYNTHETIC
IN-00562,20.36852552345309,85.88640321494498,YES_SYNTHETIC
IN-00563,20.327148396127804,85.83467147412183,YES_SYNTHETIC
IN-00564,20.21349735198228,85.80619064261414,YES_SYNTHETIC
IN-00565,20.27063770340246,85.77645075675207,YES_SYNTHETIC
IN-00566,20.340784022737715,85.82367514701575,YES_SYNTHETIC
IN-00567,20.21230924318153,85.76853664038997,YES_SYNTHETIC
IN-00568,20.33275175273192,85.73972617189806,YES_SYNTHETIC
IN-00569,20.366341382809754,85.8235293054028,YES_SYNTHETIC
IN-00570,20.29221731546533,85.8429815569319,YES_SYNTHETIC
IN-00571,20.36103619318503,85.79406184158044,YES_SYNTHETIC
IN-00572,20.331703230511813,85.83764639279916,YES_SYNTHETIC
IN-00573,20.249505654033882,85.90022599727104,YES_SYNTHETIC
IN-00574,20.355585204321386,85.85619036693168,YES_SYNTHETIC
IN-00575,20.36621634581885,85.89795884019196,YES_SYNTHETIC
IN-00576,20.337772595343004,85.89190266567273,YES_SYNTHETIC
IN-00577,20.335594292333855,85.86052815435207,YES_SYNTHETIC
IN-00578,20.319822275643038,85.87504332791153,YES_SYNTHETIC
IN-00579,20.227821021058613,85.90067415183978,YES_SYNTHETIC
IN-00580,20.370468705549044,85.73034945660692,YES_SYNTHETIC
IN-00581,20.361263350112953,85.75027397349469,YES_SYNTHETIC
IN-00582,20.263123770851827,85.87320165125833,YES_SYNTHETIC
IN-00583,20.22825197920966,85.8880934048238,YES_SYNTHETIC
IN-00584,20.36252683559155,85.82599354675217,YES_SYNTHETIC
IN-00585,20.197377174343366,85.78190762663499,YES_SYNTHETIC
IN-00586,20.319485383675147,85.92073723560549,YES_SYNTHETIC
IN-00587,20.322462705403332,85.77646071621284,YES_SYNTHETIC
IN-00588,20.322901140619923,85.83249707594317,YES_SYNTHETIC
IN-00589,20.352069079030226,85.74589612776539,YES_SYNTHETIC
IN-00590,20.348305580500405,85.83275331573522,YES_SYNTHETIC
IN-00591,20.388698400771798,85.79287443320774,YES_SYNTHETIC
IN-00592,20.322624378626788,85.910905621102,YES_SYNTHETIC
IN-00593,20.216601945598136,85.9119456974473,YES_SYNTHETIC
IN-00594,20.33367714446016,85.73806741182104,YES_SYNTHETIC
IN-00595,20.256292713389364,85.86613441772906,YES_SYNTHETIC
IN-00596,20.209570120293755,85.84093409203525,YES_SYNTHETIC
IN-00597,20.26527661139059,85.8486831035535,YES_SYNTHETIC
IN-00598,20.2052484067625,85.89880736123048,YES_SYNTHETIC
IN-00599,20.39079779383548,85.91827557105714,YES_SYNTHETIC
IN-00600,20.346030366348582,85.75051724802613,YES_SYNTHETIC
IN-00601,20.347752639185803,85.72941738329176,YES_SYNTHETIC
IN-00602,20.2005247103058,85.78922204382991,YES_SYNTHETIC
IN-00603,20.29382863808093,85.87858148356156,YES_SYNTHETIC
IN-00604,20.3327590753213,85.81368054127535,YES_SYNTHETIC
IN-00605,20.250825333256333,85.92392490003154,YES_SYNTHETIC
IN-00606,20.281336260447194,85.81477740486594,YES_SYNTHETIC
IN-00607,20.228824764238333,85.88346190974998,YES_SYNTHETIC
IN-00608,20.3348364451563,85.76865392255775,YES_SYNTHETIC
IN-00609,20.212576209123167,85.86059986041494,YES_SYNTHETIC
IN-00610,20.327002242856228,85.77915190539964,YES_SYNTHETIC
IN-00611,20.386272712450083,85.75471157835618,YES_SYNTHETIC
IN-00612,20.28256696020852,85.91322318403353,YES_SYNTHETIC
IN-00613,20.280045463385225,85.85220518953282,YES_SYNTHETIC
IN-00614,20.275618879592557,85.77934304046974,YES_SYNTHETIC
IN-00615,20.392895529591964,85.80636680126301,YES_SYNTHETIC
IN-00616,20.374919840735824,85.77049092117822,YES_SYNTHETIC
IN-00617,20.238720940805017,85.7307268165769,YES_SYNTHETIC
IN-00618,20.326433365075175,85.79820526874475,YES_SYNTHETIC
IN-00619,20.368971649967925,85.8191419813383,YES_SYNTHETIC
IN-00620,20.389738685582945,85.76160510314062,YES_SYNTHETIC
IN-00621,20.369824633591122,85.87981937055835,YES_SYNTHETIC
IN-00622,20.35028436892881,85.89345664562337,YES_SYNTHETIC
IN-00623,20.3483047981886,85.84974406432629,YES_SYNTHETIC
IN-00624,20.222348975536477,85.73100523589825,YES_SYNTHETIC
IN-00625,20.380269569563136,85.84783006290415,YES_SYNTHETIC
IN-00626,20.355407458195234,85.8208044703025,YES_SYNTHETIC
IN-00627,20.219561637792477,85.7495371584405,YES_SYNTHETIC
IN-00628,20.333213057445793,85.8105611789799,YES_SYNTHETIC
IN-00629,20.236204945340067,85.82281890934829,YES_SYNTHETIC
IN-00630,20.208941787415025,85.84089428038288,YES_SYNTHETIC
IN-00631,20.249898680887018,85.88401182012744,YES_SYNTHETIC
IN-00632,20.258172391784715,85.81554402981637,YES_SYNTHETIC
IN-00633,20.19842410798162,85.73898937755891,YES_SYNTHETIC
IN-00634,20.274598711281335,85.82048776694343,YES_SYNTHETIC
IN-00635,20.31610410962386,85.78283251574186,YES_SYNTHETIC
IN-00636,20.33509637722531,85.89652447943784,YES_SYNTHETIC
IN-00637,20.35207019777867,85.73242376506967,YES_SYNTHETIC
IN-00638,20.292201389451566,85.74548603568364,YES_SYNTHETIC
IN-00639,20.244509003172503,85.92183251865343,YES_SYNTHETIC
IN-00640,20.224599108580303,85.82427763069028,YES_SYNTHETIC
IN-00641,20.319731146863624,85.86499299410882,YES_SYNTHETIC
IN-00642,20.30802973669738,85.72645416948384,YES_SYNTHETIC
IN-00643,20.261392261648798,85.82804232867694,YES_SYNTHETIC
IN-00644,20.213673299828965,85.79462538624183,YES_SYNTHETIC
IN-00645,20.202740621758274,85.740215699431,YES_SYNTHETIC
IN-00646,20.27548465524032,85.75104315080861,YES_SYNTHETIC
IN-00647,20.30960816965231,85.86239299382746,YES_SYNTHETIC
IN-00648,20.356217339821814,85.76453004884897,YES_SYNTHETIC
IN-00649,20.229596516451814,85.74541356806688,YES_SYNTHETIC
IN-00650,20.323386049908727,85.86579514529738,YES_SYNTHETIC
IN-00651,20.20241722896513,85.91174244924873,YES_SYNTHETIC
IN-00652,20.206494256730295,85.83275926706021,YES_SYNTHETIC
IN-00653,20.337912103890183,85.89869382474922,YES_SYNTHETIC
IN-00654,20.338917386426484,85.88484561661396,YES_SYNTHETIC
IN-00655,20.26399003850856,85.8874650227493,YES_SYNTHETIC
IN-00656,20.212122969276933,85.90346333121211,YES_SYNTHETIC
IN-00657,20.305618475230748,85.8879595539925,YES_SYNTHETIC
IN-00658,20.28656365690366,85.85321553903931,YES_SYNTHETIC
IN-00659,20.30138053218722,85.87081790435107,YES_SYNTHETIC
IN-00660,20.212425996406118,85.73657041679812,YES_SYNTHETIC
IN-00661,20.245520646802028,85.75640893602264,YES_SYNTHETIC
IN-00662,20.37045671331844,85.7683427974716,YES_SYNTHETIC
IN-00663,20.391273051163825,85.79187915835422,YES_SYNTHETIC
IN-00664,20.232523583137738,85.8824397014285,YES_SYNTHETIC
IN-00665,20.327841555100175,85.82413914329062,YES_SYNTHETIC
IN-00666,20.307172710187526,85.86834035565445,YES_SYNTHETIC
IN-00667,20.24179094826626,85.92376678321135,YES_SYNTHETIC
IN-00668,20.391058632429356,85.85456513726939,YES_SYNTHETIC
IN-00669,20.236008490185828,85.86054564848627,YES_SYNTHETIC
IN-00670,20.210539681795833,85.73063050044117,YES_SYNTHETIC
IN-00671,20.24763657770224,85.81702459134786,YES_SYNTHETIC
IN-00672,20.369754501081676,85.86993381395327,YES_SYNTHETIC
IN-00673,20.344641304239996,85.80959866688961,YES_SYNTHETIC
IN-00674,20.265286998509392,85.79870775259693,YES_SYNTHETIC
IN-00675,20.393629912747212,85.7325218382825,YES_SYNTHETIC
IN-00676,20.36950629922449,85.84023508171448,YES_SYNTHETIC
IN-00677,20.283823083837916,85.86955153208302,YES_SYNTHETIC
IN-00678,20.29343378828494,85.89918464761634,YES_SYNTHETIC
IN-00679,20.37624037280225,85.8088441853747,YES_SYNTHETIC
IN-00680,20.25146555944701,85.84297006571867,YES_SYNTHETIC
IN-00681,20.378572669123336,85.76663243780114,YES_SYNTHETIC
IN-00682,20.320693316712696,85.85081204401851,YES_SYNTHETIC
IN-00683,20.342722604483054,85.75081353702545,YES_SYNTHETIC
IN-00684,20.339264992936418,85.90630650413313,YES_SYNTHETIC
IN-00685,20.232036621774046,85.77200866498478,YES_SYNTHETIC
IN-00686,20.39037901880833,85.7606953905419,YES_SYNTHETIC
IN-00687,20.366977018673914,85.82295557128961,YES_SYNTHETIC
IN-00688,20.245546214880633,85.8986499802545,YES_SYNTHETIC
IN-00689,20.285161051000532,85.82746347078594,YES_SYNTHETIC
IN-00690,20.26794667387995,85.84309017028698,YES_SYNTHETIC
IN-00691,20.228804774517005,85.80271630733036,YES_SYNTHETIC
IN-00692,20.389982464467057,85.77612668654022,YES_SYNTHETIC
IN-00693,20.327447332908257,85.78953801284494,YES_SYNTHETIC
IN-00694,20.35079462513732,85.75067473214366,YES_SYNTHETIC
IN-00695,20.39006420901571,85.81525790827673,YES_SYNTHETIC
IN-00696,20.24331009266929,85.739199349466,YES_SYNTHETIC
IN-00697,20.230051581017506,85.8284547897112,YES_SYNTHETIC
IN-00698,20.263500635286256,85.89027667317652,YES_SYNTHETIC
IN-00699,20.28227750473236,85.77424285451752,YES_SYNTHETIC
IN-00700,20.319528997320806,85.86585544337709,YES_SYNTHETIC
IN-00701,20.22950838158019,85.75802384325766,YES_SYNTHETIC
IN-00702,20.20343428538671,85.87178040301313,YES_SYNTHETIC
IN-00703,20.328860905524362,85.81942617514996,YES_SYNTHETIC
IN-00704,20.364934089793838,85.88563403059001,YES_SYNTHETIC
IN-00705,20.31317087287935,85.89815425610266,YES_SYNTHETIC
IN-00706,20.237268242007353,85.74688392387955,YES_SYNTHETIC
IN-00707,20.250049922303397,85.73591737121787,YES_SYNTHETIC
IN-00708,20.302333905600207,85.91182113845899,YES_SYNTHETIC
IN-00709,20.2039687081337,85.748921982802,YES_SYNTHETIC
IN-00710,20.286539805656687,85.91127500350558,YES_SYNTHETIC
IN-00711,20.25933122099535,85.82594696173769,YES_SYNTHETIC
IN-00712,20.204414571810076,85.75416864019242,YES_SYNTHETIC
IN-00713,20.39342602459177,85.9175237392872,YES_SYNTHETIC
IN-00714,20.19708799618688,85.91486235708464,YES_SYNTHETIC
IN-00715,20.3239239875631,85.898083658904,YES_SYNTHETIC
IN-00716,20.28704797112677,85.82761920571585,YES_SYNTHETIC
IN-00717,20.29386931605138,85.85787285150923,YES_SYNTHETIC
IN-00718,20.224030250951262,85.73049471797454,YES_SYNTHETIC
IN-00719,20.257685988318237,85.86543615254733,YES_SYNTHETIC
IN-00720,20.23647069042459,85.85918648666498,YES_SYNTHETIC
IN-00721,20.390082409221453,85.74328014315789,YES_SYNTHETIC
IN-00722,20.330620423645023,85.81325004386092,YES_SYNTHETIC
IN-00723,20.3697284508755,85.75992995788948,YES_SYNTHETIC
IN-00724,20.334625190445234,85.89212305792962,YES_SYNTHETIC
IN-00725,20.385022843894802,85.86114960565793,YES_SYNTHETIC
IN-00726,20.295534952801685,85.84806944804025,YES_SYNTHETIC
IN-00727,20.36988099689574,85.83862194932776,YES_SYNTHETIC
IN-00728,20.202177411939367,85.9106897391014,YES_SYNTHETIC
IN-00729,20.33400535020631,85.85980267715544,YES_SYNTHETIC
IN-00730,20.23923503047954,85.85627709404653,YES_SYNTHETIC
IN-00731,20.274872881130833,85.8547465954083,YES_SYNTHETIC
IN-00732,20.217418606061596,85.8560690609206,YES_SYNTHETIC
IN-00733,20.395982745154132,85.73414240777211,YES_SYNTHETIC
IN-00734,20.39153483684426,85.80588159214457,YES_SYNTHETIC
IN-00735,20.37025069006745,85.88097709681165,YES_SYNTHETIC
IN-00736,20.309503252197334,85.87218984185027,YES_SYNTHETIC
IN-00737,20.37180311226027,85.80532806433021,YES_SYNTHETIC
IN-00738,20.261506632312646,85.85801867711271,YES_SYNTHETIC
IN-00739,20.35766918838825,85.87695702695532,YES_SYNTHETIC
IN-00740,20.355662729771726,85.81161666296259,YES_SYNTHETIC
IN-00741,20.359666843235004,85.74854181107412,YES_SYNTHETIC
IN-00742,20.30499781959217,85.72565173209962,YES_SYNTHETIC
IN-00743,20.261017165980054,85.79779230697427,YES_SYNTHETIC
IN-00744,20.27533453832185,85.86359344133797,YES_SYNTHETIC
IN-00745,20.27381162025407,85.8142387245245,YES_SYNTHETIC
IN-00746,20.243608826174864,85.79915035832587,YES_SYNTHETIC
IN-00747,20.241553925452628,85.73913918475368,YES_SYNTHETIC
IN-00748,20.316789718676276,85.858142559711,YES_SYNTHETIC
IN-00749,20.319998069201922,85.81719880876011,YES_SYNTHETIC
IN-00750,20.272057156035846,85.89716672991436,YES_SYNTHETIC
IN-00751,20.299916357027243,85.82033637552594,YES_SYNTHETIC
IN-00752,20.201228413161285,85.79274956552523,YES_SYNTHETIC
IN-00753,20.27213912375717,85.80426455617938,YES_SYNTHETIC
IN-00754,20.312134473845465,85.83122050934537,YES_SYNTHETIC
IN-00755,20.317681018558687,85.87747665230843,YES_SYNTHETIC
IN-00756,20.358697147743218,85.86812461524529,YES_SYNTHETIC
IN-00757,20.387204739190985,85.72814651653528,YES_SYNTHETIC
IN-00758,20.235255597136707,85.72601257499564,YES_SYNTHETIC
IN-00759,20.32559494283092,85.90410610978999,YES_SYNTHETIC
IN-00760,20.24479645931526,85.90990690895926,YES_SYNTHETIC
IN-00761,20.208153478057913,85.91138720536111,YES_SYNTHETIC
IN-00762,20.266424537447925,85.74478416568985,YES_SYNTHETIC
IN-00763,20.293274351837265,85.7758553135441,YES_SYNTHETIC
IN-00764,20.253074580392383,85.78595799298526,YES_SYNTHETIC
IN-00765,20.356705179566532,85.83233225533505,YES_SYNTHETIC
IN-00766,20.2583615398312,85.84656675666218,YES_SYNTHETIC
IN-00767,20.339330134844637,85.7790248001467,YES_SYNTHETIC
IN-00768,20.27880982030507,85.74887721866739,YES_SYNTHETIC
IN-00769,20.232329869906934,85.860723570793,YES_SYNTHETIC
IN-00770,20.232387669539126,85.82953267673341,YES_SYNTHETIC
IN-00771,20.337909252344485,85.74587538461896,YES_SYNTHETIC
IN-00772,20.30956244392578,85.77581255674028,YES_SYNTHETIC
IN-00773,20.388685375047515,85.82120912934398,YES_SYNTHETIC
IN-00774,20.35729850995503,85.83454530843126,YES_SYNTHETIC
IN-00775,20.204782506570965,85.8511302751188,YES_SYNTHETIC
IN-00776,20.38638066844133,85.84482236402927,YES_SYNTHETIC
IN-00777,20.359937771885356,85.90134129266968,YES_SYNTHETIC
IN-00778,20.241715954389786,85.76690896798165,YES_SYNTHETIC
IN-00779,20.3182961977702,85.80670569396135,YES_SYNTHETIC
IN-00780,20.364072260573344,85.9045046246796,YES_SYNTHETIC
IN-00781,20.266784275860545,85.7718741117949,YES_SYNTHETIC
IN-00782,20.35220510304877,85.77946120710963,YES_SYNTHETIC
IN-00783,20.360622863702734,85.80924765072976,YES_SYNTHETIC
IN-00784,20.329609979858294,85.74360706276694,YES_SYNTHETIC
IN-00785,20.320871864935313,85.81485353574745,YES_SYNTHETIC
IN-00786,20.313421692635092,85.75810284154898,YES_SYNTHETIC
IN-00787,20.343474748988836,85.89705941550865,YES_SYNTHETIC
IN-00788,20.239447960018154,85.74364291110403,YES_SYNTHETIC
IN-00789,20.200827717209265,85.85289430008865,YES_SYNTHETIC
IN-00790,20.317518807217755,85.83383948254281,YES_SYNTHETIC
IN-00791,20.242489419223194,85.80268119918111,YES_SYNTHETIC
IN-00792,20.314995267037233,85.82385337177183,YES_SYNTHETIC
IN-00793,20.393657104042976,85.75178795051134,YES_SYNTHETIC
IN-00794,20.33512891080952,85.80536375362085,YES_SYNTHETIC
IN-00795,20.28173992298512,85.86801955313163,YES_SYNTHETIC
IN-00796,20.334587230264873,85.92275119874044,YES_SYNTHETIC
IN-00797,20.221778857890826,85.74532192987684,YES_SYNTHETIC
IN-00798,20.34096776342575,85.84017738340128,YES_SYNTHETIC
IN-00799,20.25093213331196,85.7403838737978,YES_SYNTHETIC
IN-00800,20.213231649919287,85.90333817493283,YES_SYNTHETIC
IN-00801,20.234473464943747,85.7891743124231,YES_SYNTHETIC
IN-00802,20.241431280445397,85.79549926116638,YES_SYNTHETIC
IN-00803,20.20998476854922,85.82831195818166,YES_SYNTHETIC
IN-00804,20.209622512718443,85.88457130156448,YES_SYNTHETIC
IN-00805,20.242842416382086,85.83250238292091,YES_SYNTHETIC
IN-00806,20.37211581751229,85.85467547380944,YES_SYNTHETIC
IN-00807,20.302691557310265,85.78936675062307,YES_SYNTHETIC
IN-00808,20.262700382611637,85.85839739103965,YES_SYNTHETIC
IN-00809,20.39492787224423,85.85686783796987,YES_SYNTHETIC
IN-00810,20.307656683474004,85.87063010204785,YES_SYNTHETIC
IN-00811,20.289141122456744,85.73652846852016,YES_SYNTHETIC
IN-00812,20.308559363175583,85.91602505690108,YES_SYNTHETIC
IN-00813,20.231160588471532,85.86250097816414,YES_SYNTHETIC
IN-00814,20.23628673773181,85.83166553689462,YES_SYNTHETIC
IN-00815,20.215435289929342,85.81457418725164,YES_SYNTHETIC
IN-00816,20.34733266577905,85.79401430484779,YES_SYNTHETIC
IN-00817,20.329082344897444,85.88358999215795,YES_SYNTHETIC
IN-00818,20.38153556389589,85.7714284163711,YES_SYNTHETIC
IN-00819,20.27596318316186,85.75498320266608,YES_SYNTHETIC
IN-00820,20.394596700431673,85.90990019358486,YES_SYNTHETIC
IN-00821,20.30409142605611,85.89290665887529,YES_SYNTHETIC
IN-00822,20.300291595454407,85.84921713760055,YES_SYNTHETIC
IN-00823,20.213924886423204,85.87555408409936,YES_SYNTHETIC
IN-00824,20.221642696727045,85.8897135260505,YES_SYNTHETIC
IN-00825,20.352505617534078,85.8662489395486,YES_SYNTHETIC
IN-00826,20.203332076104953,85.78512567118906,YES_SYNTHETIC
IN-00827,20.248722513982166,85.7965272814943,YES_SYNTHETIC
IN-00828,20.213628549352766,85.91189156460621,YES_SYNTHETIC
IN-00829,20.306860448142473,85.7856048621316,YES_SYNTHETIC
IN-00830,20.275496303414855,85.81394050810097,YES_SYNTHETIC
IN-00831,20.316218866672124,85.8276358855393,YES_SYNTHETIC
IN-00832,20.379978394642883,85.82389269658117,YES_SYNTHETIC
IN-00833,20.394531602964662,85.89478499154902,YES_SYNTHETIC
IN-00834,20.237802102871466,85.91061904292879,YES_SYNTHETIC
IN-00835,20.219373279577095,85.88798994169824,YES_SYNTHETIC
IN-00836,20.272224658695315,85.90009486408901,YES_SYNTHETIC
IN-00837,20.36971133802149,85.88568508002352,YES_SYNTHETIC
IN-00838,20.35410608726141,85.78543582781961,YES_SYNTHETIC
IN-00839,20.21228385661025,85.80509603575304,YES_SYNTHETIC
IN-00840,20.2308049029973,85.8634902177805,YES_SYNTHETIC
IN-00841,20.265319945307557,85.91962204017199,YES_SYNTHETIC
IN-00842,20.324294415469065,85.88899611272687,YES_SYNTHETIC
IN-00843,20.222604934548368,85.89690289645452,YES_SYNTHETIC
IN-00844,20.380651438102678,85.82191238376379,YES_SYNTHETIC
IN-00845,20.317350587550195,85.8774619601806,YES_SYNTHETIC
IN-00846,20.231067725452082,85.82501321529269,YES_SYNTHETIC
IN-00847,20.275832605554463,85.75377479843245,YES_SYNTHETIC
IN-00848,20.269606884458305,85.7381344618771,YES_SYNTHETIC
IN-00849,20.201262381389895,85.75153325783097,YES_SYNTHETIC
IN-00850,20.388723022317834,85.834405907179,YES_SYNTHETIC
IN-00851,20.389264432230643,85.81099957566603,YES_SYNTHETIC
IN-00852,20.25846322661705,85.82572837256805,YES_SYNTHETIC
IN-00853,20.28400233772658,85.74563293685235,YES_SYNTHETIC
IN-00854,20.32426526293804,85.76770763650192,YES_SYNTHETIC
IN-00855,20.320017590979564,85.85454021847963,YES_SYNTHETIC
IN-00856,20.22650497062573,85.73676992542214,YES_SYNTHETIC
IN-00857,20.352252317213686,85.81646008475387,YES_SYNTHETIC
IN-00858,20.207732759101095,85.92347326343395,YES_SYNTHETIC
IN-00859,20.207656112199274,85.86350704577171,YES_SYNTHETIC
IN-00860,20.392835785052682,85.77233602084318,YES_SYNTHETIC
IN-00861,20.224549873737438,85.74877698788448,YES_SYNTHETIC
IN-00862,20.256755029513517,85.74470916220213,YES_SYNTHETIC
IN-00863,20.334532268338826,85.73695835962602,YES_SYNTHETIC
IN-00864,20.297984425629956,85.9238393707706,YES_SYNTHETIC
IN-00865,20.358894053901203,85.8475438876462,YES_SYNTHETIC
IN-00866,20.257350724157323,85.84927916725833,YES_SYNTHETIC
IN-00867,20.30150829278233,85.80971667677808,YES_SYNTHETIC
IN-00868,20.22224207534804,85.9018208430481,YES_SYNTHETIC
IN-00869,20.286056929764264,85.76342450236416,YES_SYNTHETIC
IN-00870,20.26965187017546,85.80732595050578,YES_SYNTHETIC
IN-00871,20.361607579113375,85.87122287611228,YES_SYNTHETIC
IN-00872,20.349960978728266,85.72670625288573,YES_SYNTHETIC
IN-00873,20.27933079963595,85.82076883032707,YES_SYNTHETIC
IN-00874,20.19993845536461,85.776462641749,YES_SYNTHETIC
IN-00875,20.348157964624427,85.7519219411458,YES_SYNTHETIC
IN-00876,20.30316202629052,85.76754037440345,YES_SYNTHETIC
IN-00877,20.198524154928776,85.77274029151991,YES_SYNTHETIC
IN-00878,20.39127475098201,85.8848074223766,YES_SYNTHETIC
IN-00879,20.388015328864206,85.82207080878527,YES_SYNTHETIC
IN-00880,20.2180472397355,85.83409189779474,YES_SYNTHETIC
IN-00881,20.28697546691199,85.89337141654792,YES_SYNTHETIC
IN-00882,20.21571651615685,85.82214822740436,YES_SYNTHETIC
IN-00883,20.226109732938795,85.78943518537801,YES_SYNTHETIC
IN-00884,20.34357141547756,85.81970362587376,YES_SYNTHETIC
IN-00885,20.271277657029152,85.80339525571401,YES_SYNTHETIC
IN-00886,20.287989353681198,85.8815033087674,YES_SYNTHETIC
IN-00887,20.374516937788044,85.91556693730078,YES_SYNTHETIC
IN-00888,20.35348067725106,85.7875813791496,YES_SYNTHETIC
IN-00889,20.333726941217307,85.81202062481108,YES_SYNTHETIC
IN-00890,20.24703412440921,85.89267431588519,YES_SYNTHETIC
IN-00891,20.203785269792466,85.90485239842708,YES_SYNTHETIC
IN-00892,20.288395492924945,85.85194029536166,YES_SYNTHETIC
IN-00893,20.327970784441156,85.90352354814131,YES_SYNTHETIC
IN-00894,20.32343393643344,85.84728671695201,YES_SYNTHETIC
IN-00895,20.209430408112137,85.82818160438904,YES_SYNTHETIC
IN-00896,20.226133800163407,85.8719867537443,YES_SYNTHETIC
IN-00897,20.298544384162533,85.86054555584167,YES_SYNTHETIC
IN-00898,20.204434580120477,85.74145840320917,YES_SYNTHETIC
IN-00899,20.339364677612537,85.73891686719973,YES_SYNTHETIC
IN-00900,20.21035134555305,85.72692169504698,YES_SYNTHETIC
IN-00901,20.387400279659897,85.87200167189181,YES_SYNTHETIC
IN-00902,20.26675028170041,85.78380711625753,YES_SYNTHETIC
IN-00903,20.266040645949168,85.87943070623623,YES_SYNTHETIC
IN-00904,20.328374122214083,85.76153911357349,YES_SYNTHETIC
IN-00905,20.230921867066815,85.74417912994268,YES_SYNTHETIC
IN-00906,20.328160543940268,85.87737453244435,YES_SYNTHETIC
IN-00907,20.249109285665,85.72868899220619,YES_SYNTHETIC
IN-00908,20.212534333495284,85.91807200696901,YES_SYNTHETIC
IN-00909,20.255188955495484,85.87834462956762,YES_SYNTHETIC
IN-00910,20.32103271377085,85.80088792793057,YES_SYNTHETIC
IN-00911,20.23723745243911,85.74877728363188,YES_SYNTHETIC
IN-00912,20.319102593607774,85.87942675612756,YES_SYNTHETIC
IN-00913,20.324880850708226,85.83056042664984,YES_SYNTHETIC
IN-00914,20.204490244686326,85.91819775551888,YES_SYNTHETIC
IN-00915,20.355842838330915,85.78306440734019,YES_SYNTHETIC
IN-00916,20.39209406587177,85.84487631792726,YES_SYNTHETIC
IN-00917,20.31258453164145,85.8741146358859,YES_SYNTHETIC
IN-00918,20.35845395761803,85.85579572146631,YES_SYNTHETIC
IN-00919,20.221719149273238,85.7921535011989,YES_SYNTHETIC
IN-00920,20.38171672806521,85.76942312236876,YES_SYNTHETIC
IN-00921,20.2705334047675,85.81091537658884,YES_SYNTHETIC
IN-00922,20.28398099793889,85.84708791649891,YES_SYNTHETIC
IN-00923,20.38471516754894,85.77263854236651,YES_SYNTHETIC
IN-00924,20.220400275260182,85.76399409797199,YES_SYNTHETIC
IN-00925,20.37348498004185,85.85366216253104,YES_SYNTHETIC
IN-00926,20.253281357847833,85.88768938779373,YES_SYNTHETIC
IN-00927,20.368373999272688,85.89380286773806,YES_SYNTHETIC
IN-00928,20.37988530672791,85.77494820403467,YES_SYNTHETIC
IN-00929,20.347108385749255,85.81660789945482,YES_SYNTHETIC
IN-00930,20.364499710578013,85.87019813543232,YES_SYNTHETIC
IN-00931,20.351389489299944,85.85573236753622,YES_SYNTHETIC
IN-00932,20.231585753893942,85.83350538377938,YES_SYNTHETIC
IN-00933,20.3930339479049,85.91197761329943,YES_SYNTHETIC
IN-00934,20.204734747159403,85.75746296314588,YES_SYNTHETIC
IN-00935,20.222445754690913,85.86969598199705,YES_SYNTHETIC
IN-00936,20.359657065971387,85.76720227326213,YES_SYNTHETIC
IN-00937,20.297270538590364,85.89264060560224,YES_SYNTHETIC
IN-00938,20.34266030895325,85.83294744109837,YES_SYNTHETIC
IN-00939,20.314169538091754,85.82617210938325,YES_SYNTHETIC
IN-00940,20.255609690263764,85.83750439857181,YES_SYNTHETIC
IN-00941,20.333877060410018,85.89916458317217,YES_SYNTHETIC
IN-00942,20.32335827079585,85.87672430740864,YES_SYNTHETIC
IN-00943,20.228114326990912,85.81681149488396,YES_SYNTHETIC
IN-00944,20.197966323965417,85.77383577290432,YES_SYNTHETIC
IN-00945,20.3413923430226,85.92286199026988,YES_SYNTHETIC
IN-00946,20.215935619917442,85.80479886317225,YES_SYNTHETIC
IN-00947,20.35611419373983,85.76530712692578,YES_SYNTHETIC
IN-00948,20.307116989860457,85.87111425920594,YES_SYNTHETIC
IN-00949,20.319297090052036,85.76210494692309,YES_SYNTHETIC
IN-00950,20.267176913737146,85.88125835689708,YES_SYNTHETIC
IN-00951,20.306945302826403,85.72554592270858,YES_SYNTHETIC
IN-00952,20.34829815200562,85.73156227098805,YES_SYNTHETIC
IN-00953,20.345246756546246,85.76499611203305,YES_SYNTHETIC
IN-00954,20.387714696023874,85.79808815026041,YES_SYNTHETIC
IN-00955,20.261486323267615,85.7542776100665,YES_SYNTHETIC
IN-00956,20.257220843098043,85.89983015236564,YES_SYNTHETIC
IN-00957,20.39536686752545,85.79816190610137,YES_SYNTHETIC
IN-00958,20.285822126190908,85.86891418764054,YES_SYNTHETIC
IN-00959,20.373339156093014,85.84310886683735,YES_SYNTHETIC
IN-00960,20.274405139635565,85.80702436816972,YES_SYNTHETIC
IN-00961,20.33522362929936,85.72514365272086,YES_SYNTHETIC
IN-00962,20.320017867491966,85.79559860208828,YES_SYNTHETIC
IN-00963,20.354939466255416,85.74309812796463,YES_SYNTHETIC
IN-00964,20.313740453389677,85.82069457797722,YES_SYNTHETIC
IN-00965,20.324565105181044,85.73747071889659,YES_SYNTHETIC
IN-00966,20.312096757485627,85.83679691759191,YES_SYNTHETIC
IN-00967,20.308232018883235,85.8451975333193,YES_SYNTHETIC
IN-00968,20.331393587445273,85.88549779993616,YES_SYNTHETIC
IN-00969,20.250064144025643,85.88950988203601,YES_SYNTHETIC
IN-00970,20.29575113645269,85.73991165582687,YES_SYNTHETIC
IN-00971,20.207810185848796,85.79134766373922,YES_SYNTHETIC
IN-00972,20.35307939542229,85.86603618694818,YES_SYNTHETIC
IN-00973,20.35382299293448,85.82795381128832,YES_SYNTHETIC
IN-00974,20.2841397995911,85.75399050534126,YES_SYNTHETIC
IN-00975,20.261738550721862,85.81130387323478,YES_SYNTHETIC
IN-00976,20.21382008593592,85.76862239054225,YES_SYNTHETIC
IN-00977,20.315745058812748,85.87163262284784,YES_SYNTHETIC
IN-00978,20.39576950227859,85.91112266626871,YES_SYNTHETIC
IN-00979,20.32461303990704,85.80874961065882,YES_SYNTHETIC
IN-00980,20.323335472941647,85.88163032361605,YES_SYNTHETIC
IN-00981,20.219767238184676,85.80648097793926,YES_SYNTHETIC
IN-00982,20.364060457127124,85.8012665903866,YES_SYNTHETIC
IN-00983,20.310474454245437,85.84205387217244,YES_SYNTHETIC
IN-00984,20.232995250626725,85.79694708833046,YES_SYNTHETIC
IN-00985,20.263002257748386,85.72973934170642,YES_SYNTHETIC
IN-00986,20.20093835277827,85.89083940873516,YES_SYNTHETIC
IN-00987,20.250714161994562,85.82811575324776,YES_SYNTHETIC
IN-00988,20.255845114717754,85.91263584902306,YES_SYNTHETIC
IN-00989,20.247959351773154,85.81043136254779,YES_SYNTHETIC
IN-00990,20.37064605009692,85.89288671335837,YES_SYNTHETIC
IN-00991,20.233320283569256,85.88502866195914,YES_SYNTHETIC
IN-00992,20.28773737734758,85.82109377441706,YES_SYNTHETIC
IN-00993,20.22279599448319,85.74062030275142,YES_SYNTHETIC
IN-00994,20.341687861394753,85.82379223047106,YES_SYNTHETIC
IN-00995,20.283470140523036,85.87040164573048,YES_SYNTHETIC
IN-00996,20.34920257979822,85.75628163353387,YES_SYNTHETIC
IN-00997,20.31814502989553,85.75157081645554,YES_SYNTHETIC
IN-00998,20.34637501720581,85.85589103125344,YES_SYNTHETIC
IN-00999,20.38742292421669,85.73829160327128,YES_SYNTHETIC
IN-01000,20.20751094423025,85.78093741493863,YES_SYNTHETIC
IN-01001,22.52494113674718,88.3132957598144,YES_SYNTHETIC
IN-01002,22.653850916104208,88.3138092399699,YES_SYNTHETIC
IN-01003,22.52698994522573,88.4157796524836,YES_SYNTHETIC
IN-01004,22.562547968490108,88.41924211139104,YES_SYNTHETIC
IN-01005,22.485673231512877,88.36141423873468,YES_SYNTHETIC
IN-01006,22.47932272003666,88.27643064069107,YES_SYNTHETIC
IN-01007,22.653887490668883,88.29174907422352,YES_SYNTHETIC
IN-01008,22.579084136455045,88.34611912052014,YES_SYNTHETIC
IN-01009,22.54206866525177,88.44386666913745,YES_SYNTHETIC
IN-01010,22.4769646793551,88.39665793723512,YES_SYNTHETIC
IN-01011,22.66527888684271,88.37593363669237,YES_SYNTHETIC
IN-01012,22.65996449240662,88.27435157585721,YES_SYNTHETIC
IN-01013,22.556358663814834,88.31593155819242,YES_SYNTHETIC
IN-01014,22.618764192996146,88.46015941809945,YES_SYNTHETIC
IN-01015,22.52390601248885,88.39473492029481,YES_SYNTHETIC
IN-01016,22.51221952655195,88.37696605091432,YES_SYNTHETIC
IN-01017,22.56538649733767,88.4583010659263,YES_SYNTHETIC
IN-01018,22.594305454539295,88.33380127441737,YES_SYNTHETIC
IN-01019,22.495419156977587,88.29414936574699,YES_SYNTHETIC
IN-01020,22.517663385990247,88.31409333226806,YES_SYNTHETIC
IN-01021,22.642723211568228,88.3761445576565,YES_SYNTHETIC
IN-01022,22.577278182274874,88.28685377437384,YES_SYNTHETIC
IN-01023,22.64462793866989,88.40846286064169,YES_SYNTHETIC
IN-01024,22.486133672380003,88.40546701944595,YES_SYNTHETIC
IN-01025,22.58130764346853,88.28024506914936,YES_SYNTHETIC
IN-01026,22.564260128305733,88.36083925742601,YES_SYNTHETIC
IN-01027,22.505754908032657,88.45303962940005,YES_SYNTHETIC
IN-01028,22.642595074296132,88.39770446746583,YES_SYNTHETIC
IN-01029,22.565059112200125,88.3462531083169,YES_SYNTHETIC
IN-01030,22.60279469343019,88.37298637388139,YES_SYNTHETIC
IN-01031,22.485054621176378,88.36640052975407,YES_SYNTHETIC
IN-01032,22.63388072344657,88.35574797551939,YES_SYNTHETIC
IN-01033,22.482991315510855,88.4211556398768,YES_SYNTHETIC
IN-01034,22.512872756427196,88.31562416697761,YES_SYNTHETIC
IN-01035,22.50554127068646,88.3299430129743,YES_SYNTHETIC
IN-01036,22.62395030113773,88.36777717190078,YES_SYNTHETIC
IN-01037,22.513576254830145,88.43946601563042,YES_SYNTHETIC
IN-01038,22.648516370990308,88.4380156850092,YES_SYNTHETIC
IN-01039,22.52035924227631,88.3541478688362,YES_SYNTHETIC
IN-01040,22.669597931228175,88.418302495262,YES_SYNTHETIC
IN-01041,22.478033484245113,88.2769409182521,YES_SYNTHETIC
IN-01042,22.565386275362467,88.44574404117232,YES_SYNTHETIC
IN-01043,22.580340359590544,88.36346250160686,YES_SYNTHETIC
IN-01044,22.493694739991327,88.39525602094486,YES_SYNTHETIC
IN-01045,22.637020632120045,88.33998400150152,YES_SYNTHETIC
IN-01046,22.627722370185065,88.45679533078017,YES_SYNTHETIC
IN-01047,22.51335329182554,88.36856592623894,YES_SYNTHETIC
IN-01048,22.530027591616918,88.42247088380677,YES_SYNTHETIC
IN-01049,22.588118673176233,88.39081648351006,YES_SYNTHETIC
IN-01050,22.63218283192318,88.34309409453249,YES_SYNTHETIC
IN-01051,22.65561801368141,88.37050577344922,YES_SYNTHETIC
IN-01052,22.50419096456707,88.40307982363376,YES_SYNTHETIC
IN-01053,22.631252270087653,88.3272523354135,YES_SYNTHETIC
IN-01054,22.644035851399753,88.44512865095315,YES_SYNTHETIC
IN-01055,22.52798089747556,88.46060429454305,YES_SYNTHETIC
IN-01056,22.50074230560975,88.3043031336805,YES_SYNTHETIC
IN-01057,22.509444967847607,88.44269794200157,YES_SYNTHETIC
IN-01058,22.603458510464993,88.29432085664446,YES_SYNTHETIC
IN-01059,22.56066468367367,88.38695960501396,YES_SYNTHETIC
IN-01060,22.489292816997878,88.44038327368146,YES_SYNTHETIC
IN-01061,22.63332070708831,88.36494135471533,YES_SYNTHETIC
IN-01062,22.666025323051837,88.34745219585503,YES_SYNTHETIC
IN-01063,22.6694220638073,88.39748399976072,YES_SYNTHETIC
IN-01064,22.59953425465079,88.29709097905916,YES_SYNTHETIC
IN-01065,22.64898555166093,88.34939793758413,YES_SYNTHETIC
IN-01066,22.505046681156497,88.26642150399515,YES_SYNTHETIC
IN-01067,22.58455113672768,88.36937992442454,YES_SYNTHETIC
IN-01068,22.61647072447383,88.44195161060357,YES_SYNTHETIC
IN-01069,22.488481316928606,88.41019929806808,YES_SYNTHETIC
IN-01070,22.51008238881952,88.43553541063143,YES_SYNTHETIC
IN-01071,22.636412702772333,88.37205875099711,YES_SYNTHETIC
IN-01072,22.614648559724664,88.32677002263675,YES_SYNTHETIC
IN-01073,22.566833579786564,88.4282273795421,YES_SYNTHETIC
IN-01074,22.564453039434643,88.33545965306509,YES_SYNTHETIC
IN-01075,22.57144248945006,88.42954985048745,YES_SYNTHETIC
IN-01076,22.539641609474177,88.29865231862715,YES_SYNTHETIC
IN-01077,22.615002804066158,88.42909564254161,YES_SYNTHETIC
IN-01078,22.49272749570471,88.31187482255119,YES_SYNTHETIC
IN-01079,22.5009943979522,88.33348828231644,YES_SYNTHETIC
IN-01080,22.562670195781084,88.41366526739266,YES_SYNTHETIC
IN-01081,22.602829516976335,88.38808571349568,YES_SYNTHETIC
IN-01082,22.543074989321934,88.43218951061695,YES_SYNTHETIC
IN-01083,22.566857433479633,88.45972098760303,YES_SYNTHETIC
IN-01084,22.59942842765915,88.2891529483129,YES_SYNTHETIC
IN-01085,22.60783551241509,88.32892080308635,YES_SYNTHETIC
IN-01086,22.60986543933722,88.27782822963248,YES_SYNTHETIC
IN-01087,22.507576287435192,88.43504745178116,YES_SYNTHETIC
IN-01088,22.518035911404706,88.43130822504858,YES_SYNTHETIC
IN-01089,22.528455217690883,88.39247638201174,YES_SYNTHETIC
IN-01090,22.611430114701967,88.36643095062901,YES_SYNTHETIC
IN-01091,22.53366213533935,88.30642887527422,YES_SYNTHETIC
IN-01092,22.47923787091249,88.32468928024815,YES_SYNTHETIC
IN-01093,22.603232558106257,88.4515609636897,YES_SYNTHETIC
IN-01094,22.646840896452613,88.41711295530706,YES_SYNTHETIC
IN-01095,22.630289468650663,88.3968969806952,YES_SYNTHETIC
IN-01096,22.524657371513204,88.44533900614117,YES_SYNTHETIC
IN-01097,22.606746462381167,88.37598812619609,YES_SYNTHETIC
IN-01098,22.494797893842698,88.35331110876129,YES_SYNTHETIC
IN-01099,22.564671654240385,88.43681272190453,YES_SYNTHETIC
IN-01100,22.581929644037558,88.33998010979408,YES_SYNTHETIC
IN-01101,22.667960065702133,88.28604411866526,YES_SYNTHETIC
IN-01102,22.55710968566239,88.27230493503428,YES_SYNTHETIC
IN-01103,22.620580824153386,88.44751531043983,YES_SYNTHETIC
IN-01104,22.5286074659101,88.43556833535982,YES_SYNTHETIC
IN-01105,22.53104364609238,88.44605403232879,YES_SYNTHETIC
IN-01106,22.62339238071936,88.42488135536829,YES_SYNTHETIC
IN-01107,22.476201311120093,88.4564620714148,YES_SYNTHETIC
IN-01108,22.617934198414066,88.32485021907723,YES_SYNTHETIC
IN-01109,22.638478932971772,88.320204239683,YES_SYNTHETIC
IN-01110,22.647150767913228,88.28641607808238,YES_SYNTHETIC
IN-01111,22.61333719549216,88.37203969532898,YES_SYNTHETIC
IN-01112,22.49190689403909,88.31227876565177,YES_SYNTHETIC
IN-01113,22.475080807255463,88.3576535930929,YES_SYNTHETIC
IN-01114,22.532853052152003,88.38357149685956,YES_SYNTHETIC
IN-01115,22.532047561541724,88.3238838223014,YES_SYNTHETIC
IN-01116,22.621238639746323,88.27352856719567,YES_SYNTHETIC
IN-01117,22.6531789990384,88.43435277487823,YES_SYNTHETIC
IN-01118,22.60616093664528,88.38254431402147,YES_SYNTHETIC
IN-01119,22.65106049962793,88.30096603590574,YES_SYNTHETIC
IN-01120,22.488393832438167,88.3118020339819,YES_SYNTHETIC
IN-01121,22.63151565574004,88.2708340533453,YES_SYNTHETIC
IN-01122,22.5891613670167,88.46298750323827,YES_SYNTHETIC
IN-01123,22.64373921876751,88.36818913780871,YES_SYNTHETIC
IN-01124,22.48532818185733,88.43017470287714,YES_SYNTHETIC
IN-01125,22.592395701635443,88.28688659941191,YES_SYNTHETIC
IN-01126,22.49137145696467,88.44582536388732,YES_SYNTHETIC
IN-01127,22.606440052587615,88.42975735986336,YES_SYNTHETIC
IN-01128,22.648395780056454,88.37825447040967,YES_SYNTHETIC
IN-01129,22.57608927035101,88.3499854820642,YES_SYNTHETIC
IN-01130,22.535989317558226,88.35081919217174,YES_SYNTHETIC
IN-01131,22.627375931146034,88.38428468620303,YES_SYNTHETIC
IN-01132,22.65110465799097,88.35257600287584,YES_SYNTHETIC
IN-01133,22.594017915743752,88.3901615106184,YES_SYNTHETIC
IN-01134,22.590939432461266,88.4044267546171,YES_SYNTHETIC
IN-01135,22.520086693674962,88.36637275550916,YES_SYNTHETIC
IN-01136,22.49344496056167,88.34080226552896,YES_SYNTHETIC
IN-01137,22.570133413724253,88.3943448519091,YES_SYNTHETIC
IN-01138,22.662706210517243,88.38403021330967,YES_SYNTHETIC
IN-01139,22.621318783235314,88.36515321189904,YES_SYNTHETIC
IN-01140,22.59942080627527,88.27808644322675,YES_SYNTHETIC
IN-01141,22.523478316168372,88.33627061864102,YES_SYNTHETIC
IN-01142,22.567098671001304,88.27302974910047,YES_SYNTHETIC
IN-01143,22.500604819510666,88.31926286155826,YES_SYNTHETIC
IN-01144,22.66690653818021,88.3301694014206,YES_SYNTHETIC
IN-01145,22.569008211622418,88.30311954254768,YES_SYNTHETIC
IN-01146,22.594756014215154,88.3200366431032,YES_SYNTHETIC
IN-01147,22.513998515687685,88.36721452568919,YES_SYNTHETIC
IN-01148,22.473701159832085,88.26543280652984,YES_SYNTHETIC
IN-01149,22.516413761820374,88.27124427250017,YES_SYNTHETIC
IN-01150,22.49420515082614,88.33167212986775,YES_SYNTHETIC
IN-01151,22.633117135915963,88.37830972867386,YES_SYNTHETIC
IN-01152,22.575133545191285,88.32259776464163,YES_SYNTHETIC
IN-01153,22.658950743886564,88.34330300824745,YES_SYNTHETIC
IN-01154,22.490018553359157,88.38731330322356,YES_SYNTHETIC
IN-01155,22.49536767869532,88.33294462856034,YES_SYNTHETIC
IN-01156,22.574082387743562,88.43874450493703,YES_SYNTHETIC
IN-01157,22.571309316068024,88.40435175320633,YES_SYNTHETIC
IN-01158,22.671163367799814,88.2901978239796,YES_SYNTHETIC
IN-01159,22.527546305103904,88.34281521511953,YES_SYNTHETIC
IN-01160,22.55696563570777,88.34610421505312,YES_SYNTHETIC
IN-01161,22.654122200511313,88.40670652889337,YES_SYNTHETIC
IN-01162,22.594181042818143,88.32577454357256,YES_SYNTHETIC
IN-01163,22.63735807684426,88.454912102297,YES_SYNTHETIC
IN-01164,22.63683965651005,88.2642130210383,YES_SYNTHETIC
IN-01165,22.599880274036682,88.27412707628842,YES_SYNTHETIC
IN-01166,22.524121444066747,88.27580494006955,YES_SYNTHETIC
IN-01167,22.59335909058988,88.40121798269853,YES_SYNTHETIC
IN-01168,22.495497527613182,88.340667776609,YES_SYNTHETIC
IN-01169,22.56384730179111,88.33771060435218,YES_SYNTHETIC
IN-01170,22.49680500009704,88.3476895580375,YES_SYNTHETIC
IN-01171,22.622835609561687,88.27810153290665,YES_SYNTHETIC
IN-01172,22.48863600281638,88.3348542583672,YES_SYNTHETIC
IN-01173,22.660945142323786,88.39761452934458,YES_SYNTHETIC
IN-01174,22.608333991334515,88.33628399816757,YES_SYNTHETIC
IN-01175,22.59133215824171,88.26592623680556,YES_SYNTHETIC
IN-01176,22.59981920928191,88.44655738951525,YES_SYNTHETIC
IN-01177,22.595114693668965,88.43863971869327,YES_SYNTHETIC
IN-01178,22.61739461109322,88.28801168328074,YES_SYNTHETIC
IN-01179,22.65309066145717,88.27718876887116,YES_SYNTHETIC
IN-01180,22.579393494509553,88.2923274247587,YES_SYNTHETIC
IN-01181,22.474941322146183,88.34830685202553,YES_SYNTHETIC
IN-01182,22.531608141530832,88.36110009875952,YES_SYNTHETIC
IN-01183,22.588039977346913,88.27264781446179,YES_SYNTHETIC
IN-01184,22.49720065902475,88.37562847929009,YES_SYNTHETIC
IN-01185,22.541233470634534,88.40973469750989,YES_SYNTHETIC
IN-01186,22.60305832971839,88.43302087259798,YES_SYNTHETIC
IN-01187,22.611098565333847,88.34988621547804,YES_SYNTHETIC
IN-01188,22.60719332447889,88.31897623485108,YES_SYNTHETIC
IN-01189,22.533862699755645,88.42169703198417,YES_SYNTHETIC
IN-01190,22.561883903280318,88.42357606810367,YES_SYNTHETIC
IN-01191,22.63708447473366,88.43541246753226,YES_SYNTHETIC
IN-01192,22.65592704716824,88.35009704410265,YES_SYNTHETIC
IN-01193,22.53637336366423,88.38033974931882,YES_SYNTHETIC
IN-01194,22.546834484687526,88.38411483336004,YES_SYNTHETIC
IN-01195,22.613717172528766,88.40158100369842,YES_SYNTHETIC
IN-01196,22.547510577404026,88.29727204033975,YES_SYNTHETIC
IN-01197,22.558705867692442,88.29241882881638,YES_SYNTHETIC
IN-01198,22.650619407036764,88.33307549214757,YES_SYNTHETIC
IN-01199,22.503491949444665,88.26898955198115,YES_SYNTHETIC
IN-01200,22.601764477257298,88.39128046349094,YES_SYNTHETIC
IN-01201,22.54072083331626,88.27824237776953,YES_SYNTHETIC
IN-01202,22.55452577897905,88.32614349901267,YES_SYNTHETIC
IN-01203,22.608024127947004,88.38505584989053,YES_SYNTHETIC
IN-01204,22.54551874563951,88.307478510851,YES_SYNTHETIC
IN-01205,22.67020719323112,88.35470032423922,YES_SYNTHETIC
IN-01206,22.61025484715605,88.29201059351567,YES_SYNTHETIC
IN-01207,22.56971793993188,88.2694073439739,YES_SYNTHETIC
IN-01208,22.573691023582093,88.45670348142355,YES_SYNTHETIC
IN-01209,22.549441342597163,88.27169920251498,YES_SYNTHETIC
IN-01210,22.47879115818387,88.34149735198937,YES_SYNTHETIC
IN-01211,22.50460498729264,88.26857041926564,YES_SYNTHETIC
IN-01212,22.623842722790037,88.35560460177638,YES_SYNTHETIC
IN-01213,22.530448954394533,88.44391663660329,YES_SYNTHETIC
IN-01214,22.495827792040107,88.45508376579106,YES_SYNTHETIC
IN-01215,22.535393343475473,88.44158073446174,YES_SYNTHETIC
IN-01216,22.593188575295894,88.4292414719483,YES_SYNTHETIC
IN-01217,22.669402632642093,88.32158108756374,YES_SYNTHETIC
IN-01218,22.66482709708152,88.34179637898049,YES_SYNTHETIC
IN-01219,22.549702380947387,88.3319774208509,YES_SYNTHETIC
IN-01220,22.580881521469518,88.2947290086357,YES_SYNTHETIC
IN-01221,22.583342297071603,88.372240962482,YES_SYNTHETIC
IN-01222,22.624980362520976,88.43062999238752,YES_SYNTHETIC
IN-01223,22.560688270062485,88.3243666498703,YES_SYNTHETIC
IN-01224,22.52446697946342,88.30282476734098,YES_SYNTHETIC
IN-01225,22.484129516439808,88.33238959576694,YES_SYNTHETIC
IN-01226,22.52664953842616,88.45718347717329,YES_SYNTHETIC
IN-01227,22.58414176525001,88.3333554078061,YES_SYNTHETIC
IN-01228,22.588693520198742,88.29173934026915,YES_SYNTHETIC
IN-01229,22.561408749840442,88.38914686428421,YES_SYNTHETIC
IN-01230,22.57037956635849,88.34425576013086,YES_SYNTHETIC
IN-01231,22.671369677779943,88.43996295242978,YES_SYNTHETIC
IN-01232,22.59728119163189,88.37777547223645,YES_SYNTHETIC
IN-01233,22.596732095964917,88.30416242156448,YES_SYNTHETIC
IN-01234,22.551627548652863,88.27179190657819,YES_SYNTHETIC
IN-01235,22.567709207497366,88.37250491679153,YES_SYNTHETIC
IN-01236,22.518149947220643,88.4567057694331,YES_SYNTHETIC
IN-01237,22.65449092218745,88.40832864709118,YES_SYNTHETIC
IN-01238,22.579277325753075,88.43789383192954,YES_SYNTHETIC
IN-01239,22.498730468764695,88.42200195885498,YES_SYNTHETIC
IN-01240,22.49756416279337,88.42274213250988,YES_SYNTHETIC
IN-01241,22.52775351365027,88.43931811620364,YES_SYNTHETIC
IN-01242,22.66140841876508,88.29365919388103,YES_SYNTHETIC
IN-01243,22.56513512101308,88.46009747563254,YES_SYNTHETIC
IN-01244,22.56928148719463,88.43660950450291,YES_SYNTHETIC
IN-01245,22.590346304426266,88.33896598158393,YES_SYNTHETIC
IN-01246,22.529756711105176,88.30454461821722,YES_SYNTHETIC
IN-01247,22.62495963827554,88.3412081013646,YES_SYNTHETIC
IN-01248,22.574855092440153,88.36236509600023,YES_SYNTHETIC
IN-01249,22.58805580584663,88.43701542912491,YES_SYNTHETIC
IN-01250,22.668747868716686,88.34541684171477,YES_SYNTHETIC
IN-01251,22.63810378442126,88.41680555893095,YES_SYNTHETIC
IN-01252,22.587305790291115,88.4551094287224,YES_SYNTHETIC
IN-01253,22.512694903105682,88.28575284206192,YES_SYNTHETIC
IN-01254,22.643392393391085,88.35172996332675,YES_SYNTHETIC
IN-01255,22.641993770841413,88.44251804103908,YES_SYNTHETIC
IN-01256,22.485091518723817,88.44059295259721,YES_SYNTHETIC
IN-01257,22.562263811073887,88.36598649780085,YES_SYNTHETIC
IN-01258,22.597918502218644,88.44917652134602,YES_SYNTHETIC
IN-01259,22.476423218885955,88.35926869366357,YES_SYNTHETIC
IN-01260,22.610144408486114,88.40844139153964,YES_SYNTHETIC
IN-01261,22.611106486307424,88.29078702588163,YES_SYNTHETIC
IN-01262,22.532479117674338,88.3356431050834,YES_SYNTHETIC
IN-01263,22.6334874415359,88.31965197448291,YES_SYNTHETIC
IN-01264,22.514740992773444,88.45538960380762,YES_SYNTHETIC
IN-01265,22.474372657022695,88.4634641711364,YES_SYNTHETIC
IN-01266,22.60796425977148,88.42959385988982,YES_SYNTHETIC
IN-01267,22.53152387926924,88.26676305553342,YES_SYNTHETIC
IN-01268,22.620173903712306,88.43072891940014,YES_SYNTHETIC
IN-01269,22.620695226390705,88.29247005746016,YES_SYNTHETIC
IN-01270,22.623285584451395,88.41768455642153,YES_SYNTHETIC
IN-01271,22.604308103134013,88.41712318655912,YES_SYNTHETIC
IN-01272,22.641784287935547,88.38662082284749,YES_SYNTHETIC
IN-01273,22.490320942793936,88.36142556193344,YES_SYNTHETIC
IN-01274,22.488129866934322,88.34540860620649,YES_SYNTHETIC
IN-01275,22.554021297825127,88.27710196882805,YES_SYNTHETIC
IN-01276,22.542364106793897,88.28609961975826,YES_SYNTHETIC
IN-01277,22.634247042001846,88.45343760519289,YES_SYNTHETIC
IN-01278,22.487063295051588,88.45492304145834,YES_SYNTHETIC
IN-01279,22.57711531986735,88.32381313559078,YES_SYNTHETIC
IN-01280,22.487972415055236,88.36402485361408,YES_SYNTHETIC
IN-01281,22.63150310889815,88.40531729545334,YES_SYNTHETIC
IN-01282,22.482645202292797,88.27848036707358,YES_SYNTHETIC
IN-01283,22.55317465652653,88.3229580988096,YES_SYNTHETIC
IN-01284,22.51907686461121,88.32010089978175,YES_SYNTHETIC
IN-01285,22.633296548659377,88.44974561072637,YES_SYNTHETIC
IN-01286,22.553620538905516,88.4451222004265,YES_SYNTHETIC
IN-01287,22.536899140249577,88.35918739726876,YES_SYNTHETIC
IN-01288,22.517805799563202,88.39199520843518,YES_SYNTHETIC
IN-01289,22.668396223034964,88.38459861920867,YES_SYNTHETIC
IN-01290,22.544162816822713,88.39346348919811,YES_SYNTHETIC
IN-01291,22.49718413569308,88.44163181605307,YES_SYNTHETIC
IN-01292,22.573216790155968,88.35376994840793,YES_SYNTHETIC
IN-01293,22.589772957690705,88.38885677255789,YES_SYNTHETIC
IN-01294,22.486955161245305,88.40042344424468,YES_SYNTHETIC
IN-01295,22.520986336063107,88.40669052650132,YES_SYNTHETIC
IN-01296,22.637106958876842,88.42469170151051,YES_SYNTHETIC
IN-01297,22.583100193481577,88.36793397846215,YES_SYNTHETIC
IN-01298,22.501175192267883,88.41896923008063,YES_SYNTHETIC
IN-01299,22.526881876089345,88.36323908456359,YES_SYNTHETIC
IN-01300,22.529454818585506,88.29066567259994,YES_SYNTHETIC
IN-01301,22.59851153937835,88.27476640696459,YES_SYNTHETIC
IN-01302,22.622329046825243,88.32741735905222,YES_SYNTHETIC
IN-01303,22.4726269386009,88.36612582784744,YES_SYNTHETIC
IN-01304,22.481970381705523,88.31913391156418,YES_SYNTHETIC
IN-01305,22.613995297491144,88.27643792432437,YES_SYNTHETIC
IN-01306,22.640467698471202,88.26466398453172,YES_SYNTHETIC
IN-01307,22.52196477384038,88.41208081123041,YES_SYNTHETIC
IN-01308,22.535854029945863,88.2842784776132,YES_SYNTHETIC
IN-01309,22.544646783760086,88.31797865727691,YES_SYNTHETIC
IN-01310,22.64114238043211,88.32656958351703,YES_SYNTHETIC
IN-01311,22.630386494355204,88.44227442896215,YES_SYNTHETIC
IN-01312,22.55936348391531,88.44588862877087,YES_SYNTHETIC
IN-01313,22.54806361079264,88.45671568329803,YES_SYNTHETIC
IN-01314,22.490457904905117,88.40130385330065,YES_SYNTHETIC
IN-01315,22.571362808091386,88.34142976109113,YES_SYNTHETIC
IN-01316,22.59914237574972,88.40467141832687,YES_SYNTHETIC
IN-01317,22.473472653930063,88.29729061774944,YES_SYNTHETIC
IN-01318,22.615209210126864,88.39717708271564,YES_SYNTHETIC
IN-01319,22.665809501025738,88.41610755805016,YES_SYNTHETIC
IN-01320,22.66275454154627,88.40440810030697,YES_SYNTHETIC
IN-01321,22.53221044172789,88.28497298445018,YES_SYNTHETIC
IN-01322,22.62896477266899,88.39272984429519,YES_SYNTHETIC
IN-01323,22.48223720247866,88.3359100931802,YES_SYNTHETIC
IN-01324,22.663959963096858,88.36398022914204,YES_SYNTHETIC
IN-01325,22.559145827203942,88.35543992103186,YES_SYNTHETIC
IN-01326,22.514376544801035,88.33764143417297,YES_SYNTHETIC
IN-01327,22.546562651197437,88.27437100403749,YES_SYNTHETIC
IN-01328,22.626113525703584,88.34720088638078,YES_SYNTHETIC
IN-01329,22.637035977363286,88.43396960022397,YES_SYNTHETIC
IN-01330,22.514998810939733,88.39537069643403,YES_SYNTHETIC
IN-01331,22.5670563608326,88.43993134758429,YES_SYNTHETIC
IN-01332,22.515748135835292,88.39946264006201,YES_SYNTHETIC
IN-01333,22.594150424450547,88.32296029551436,YES_SYNTHETIC
IN-01334,22.499920180730236,88.39422795209546,YES_SYNTHETIC
IN-01335,22.620319491626468,88.32702546875267,YES_SYNTHETIC
IN-01336,22.601566520804464,88.3429261815223,YES_SYNTHETIC
IN-01337,22.615241376656524,88.30374305497881,YES_SYNTHETIC
IN-01338,22.650643000527236,88.32138191929312,YES_SYNTHETIC
IN-01339,22.54615719755123,88.27551839041607,YES_SYNTHETIC
IN-01340,22.494902442464255,88.36707238054247,YES_SYNTHETIC
IN-01341,22.526118535345596,88.43099604514843,YES_SYNTHETIC
IN-01342,22.47553867773099,88.33971880973439,YES_SYNTHETIC
IN-01343,22.54006910935382,88.26776552618352,YES_SYNTHETIC
IN-01344,22.497473679800102,88.34662853498372,YES_SYNTHETIC
IN-01345,22.57117291688949,88.34475794945098,YES_SYNTHETIC
IN-01346,22.57878753568242,88.38292633498114,YES_SYNTHETIC
IN-01347,22.47458476422557,88.3567190318907,YES_SYNTHETIC
IN-01348,22.66529984817752,88.36770645602591,YES_SYNTHETIC
IN-01349,22.60810845349179,88.32627277158338,YES_SYNTHETIC
IN-01350,22.627398275630554,88.41848429637523,YES_SYNTHETIC
IN-01351,22.57685920953083,88.45910276465584,YES_SYNTHETIC
IN-01352,22.497710042952534,88.26728953297791,YES_SYNTHETIC
IN-01353,22.62663164235142,88.42533110747297,YES_SYNTHETIC
IN-01354,22.496641445824118,88.31701656659172,YES_SYNTHETIC
IN-01355,22.476110472673327,88.32256172215611,YES_SYNTHETIC
IN-01356,22.627228374783737,88.36749210554251,YES_SYNTHETIC
IN-01357,22.54221911863366,88.33824785898126,YES_SYNTHETIC
IN-01358,22.472870725143096,88.32386010551305,YES_SYNTHETIC
IN-01359,22.60189174832759,88.45873888876328,YES_SYNTHETIC
IN-01360,22.642012165396782,88.2686189929291,YES_SYNTHETIC
IN-01361,22.65231212093497,88.42053968265972,YES_SYNTHETIC
IN-01362,22.628675224714197,88.35549915180071,YES_SYNTHETIC
IN-01363,22.552201058590903,88.32448314576664,YES_SYNTHETIC
IN-01364,22.485738971790873,88.30954707269873,YES_SYNTHETIC
IN-01365,22.521920726995607,88.36071541394205,YES_SYNTHETIC
IN-01366,22.62208888131934,88.35866196567959,YES_SYNTHETIC
IN-01367,22.484168889889432,88.45545796019765,YES_SYNTHETIC
IN-01368,22.661144863818823,88.42093790862968,YES_SYNTHETIC
IN-01369,22.670865580312846,88.37279646656005,YES_SYNTHETIC
IN-01370,22.665153670050643,88.27902100812335,YES_SYNTHETIC
IN-01371,22.545736149652274,88.30897625360136,YES_SYNTHETIC
IN-01372,22.511766616826854,88.29206058977853,YES_SYNTHETIC
IN-01373,22.5970827283132,88.42016437114947,YES_SYNTHETIC
IN-01374,22.588259679884075,88.29329254191764,YES_SYNTHETIC
IN-01375,22.634824753986695,88.39109094143275,YES_SYNTHETIC
IN-01376,22.5502331412254,88.39872605910722,YES_SYNTHETIC
IN-01377,22.524580995848567,88.33293844169884,YES_SYNTHETIC
IN-01378,22.6560971686264,88.32200090113429,YES_SYNTHETIC
IN-01379,22.56659765363159,88.44192822747921,YES_SYNTHETIC
IN-01380,22.614144270053508,88.27634064523293,YES_SYNTHETIC
IN-01381,22.502060608855796,88.26546831815439,YES_SYNTHETIC
IN-01382,22.598784358045833,88.35343468508208,YES_SYNTHETIC
IN-01383,22.499454970180455,88.45548682421135,YES_SYNTHETIC
IN-01384,22.578531944789127,88.31227865882258,YES_SYNTHETIC
IN-01385,22.572720714230943,88.39982406654703,YES_SYNTHETIC
IN-01386,22.487847843594714,88.31884076300958,YES_SYNTHETIC
IN-01387,22.6339930981768,88.35583297408053,YES_SYNTHETIC
IN-01388,22.58191542840646,88.3504632004419,YES_SYNTHETIC
IN-01389,22.4813799885286,88.29704995596403,YES_SYNTHETIC
IN-01390,22.56170832774838,88.30573709308159,YES_SYNTHETIC
IN-01391,22.482595805731936,88.43262993281037,YES_SYNTHETIC
IN-01392,22.668838505832824,88.42252857479934,YES_SYNTHETIC
IN-01393,22.643356984340933,88.31229542606341,YES_SYNTHETIC
IN-01394,22.664725395102643,88.3032851408907,YES_SYNTHETIC
IN-01395,22.66288596207237,88.46286385879318,YES_SYNTHETIC
IN-01396,22.614944561149212,88.46012874635836,YES_SYNTHETIC
IN-01397,22.586507955913422,88.31580835663522,YES_SYNTHETIC
IN-01398,22.559999177133125,88.38261218707576,YES_SYNTHETIC
IN-01399,22.487216312405405,88.38836865292345,YES_SYNTHETIC
IN-01400,22.66883556735246,88.30192152995674,YES_SYNTHETIC
IN-01401,22.63111902325768,88.44547975875592,YES_SYNTHETIC
IN-01402,22.661340318564047,88.45592712088109,YES_SYNTHETIC
IN-01403,22.576891927744295,88.4593615815983,YES_SYNTHETIC
IN-01404,22.62406204142689,88.29623428724739,YES_SYNTHETIC
IN-01405,22.567980021293597,88.4075662350744,YES_SYNTHETIC
IN-01406,22.522068063163818,88.39202303670977,YES_SYNTHETIC
IN-01407,22.605920095809324,88.29643994876172,YES_SYNTHETIC
IN-01408,22.585617062490552,88.41822538219573,YES_SYNTHETIC
IN-01409,22.57237913290719,88.26632062335523,YES_SYNTHETIC
IN-01410,22.47440769381586,88.33530586879401,YES_SYNTHETIC
IN-01411,22.657838813686357,88.30963535592072,YES_SYNTHETIC
IN-01412,22.599472737774338,88.30831517413867,YES_SYNTHETIC
IN-01413,22.53693399793191,88.4335084179203,YES_SYNTHETIC
IN-01414,22.61837228845399,88.28297985546264,YES_SYNTHETIC
IN-01415,22.55834040419729,88.26973395272906,YES_SYNTHETIC
IN-01416,22.568778029320605,88.39638680234022,YES_SYNTHETIC
IN-01417,22.496300524719633,88.32167698778183,YES_SYNTHETIC
IN-01418,22.552167325100434,88.44780620493121,YES_SYNTHETIC
IN-01419,22.671251003084596,88.27288225979912,YES_SYNTHETIC
IN-01420,22.624801584699078,88.33824481328047,YES_SYNTHETIC
IN-01421,22.551091637245896,88.4147529946694,YES_SYNTHETIC
IN-01422,22.656285286429082,88.45408571890052,YES_SYNTHETIC
IN-01423,22.588024517207664,88.3353242318601,YES_SYNTHETIC
IN-01424,22.630109817171757,88.31410027665247,YES_SYNTHETIC
IN-01425,22.585414805766703,88.33561569230497,YES_SYNTHETIC
IN-01426,22.603926214741577,88.3119797825787,YES_SYNTHETIC
IN-01427,22.510918589146968,88.44754781733509,YES_SYNTHETIC
IN-01428,22.492960736589907,88.36509158154699,YES_SYNTHETIC
IN-01429,22.516770556592604,88.27168599266514,YES_SYNTHETIC
IN-01430,22.479803763658285,88.29894435442117,YES_SYNTHETIC
IN-01431,22.6459540709012,88.3203957487954,YES_SYNTHETIC
IN-01432,22.662691834115062,88.38022445859784,YES_SYNTHETIC
IN-01433,22.559922837953753,88.37991776693389,YES_SYNTHETIC
IN-01434,22.575939677045255,88.41565525075147,YES_SYNTHETIC
IN-01435,22.529099213194574,88.33451007832006,YES_SYNTHETIC
IN-01436,22.651418860506652,88.45319130263009,YES_SYNTHETIC
IN-01437,22.651111645497295,88.34778959879146,YES_SYNTHETIC
IN-01438,22.62867310060138,88.35916714666023,YES_SYNTHETIC
IN-01439,22.572107970429222,88.30483602181145,YES_SYNTHETIC
IN-01440,22.590826060651704,88.30112717955068,YES_SYNTHETIC
IN-01441,22.53891293981344,88.434906040324,YES_SYNTHETIC
IN-01442,22.514015161842174,88.27813165703469,YES_SYNTHETIC
IN-01443,22.486401518522566,88.45205690410062,YES_SYNTHETIC
IN-01444,22.57398408759237,88.3457824143634,YES_SYNTHETIC
IN-01445,22.634775716201585,88.4310651855821,YES_SYNTHETIC
IN-01446,22.539038206623122,88.40262361149476,YES_SYNTHETIC
IN-01447,22.626824563170377,88.39483013737319,YES_SYNTHETIC
IN-01448,22.50291901496002,88.43907661670342,YES_SYNTHETIC
IN-01449,22.580418910547202,88.32039448527401,YES_SYNTHETIC
IN-01450,22.55764563708754,88.27141421807978,YES_SYNTHETIC
IN-01451,22.498173360244486,88.41700935010317,YES_SYNTHETIC
IN-01452,22.472602326951076,88.34721316569646,YES_SYNTHETIC
IN-01453,22.57710203621712,88.27482688400019,YES_SYNTHETIC
IN-01454,22.667215632594466,88.30912506624993,YES_SYNTHETIC
IN-01455,22.533439743927257,88.32468850245101,YES_SYNTHETIC
IN-01456,22.51868333242347,88.26419476441727,YES_SYNTHETIC
IN-01457,22.6184689588176,88.45726909995986,YES_SYNTHETIC
IN-01458,22.51745869665701,88.39650943836068,YES_SYNTHETIC
IN-01459,22.620979265391746,88.4335850758181,YES_SYNTHETIC
IN-01460,22.557125839402723,88.32448618112808,YES_SYNTHETIC
IN-01461,22.537659026804608,88.40642426661971,YES_SYNTHETIC
IN-01462,22.63595589330113,88.30022279355133,YES_SYNTHETIC
IN-01463,22.546788201631554,88.44428803934983,YES_SYNTHETIC
IN-01464,22.63393870393895,88.4608716805525,YES_SYNTHETIC
IN-01465,22.62344965193642,88.34253904020558,YES_SYNTHETIC
IN-01466,22.59072756679893,88.39610285084946,YES_SYNTHETIC
IN-01467,22.488291163263426,88.37279939182078,YES_SYNTHETIC
IN-01468,22.614464165694525,88.29736426080021,YES_SYNTHETIC
IN-01469,22.628726343485113,88.38065455610283,YES_SYNTHETIC
IN-01470,22.66304435713952,88.27238445964137,YES_SYNTHETIC
IN-01471,22.525665227511094,88.38421077585997,YES_SYNTHETIC
IN-01472,22.531911982441187,88.40678483281425,YES_SYNTHETIC
IN-01473,22.624401056504386,88.2844031928133,YES_SYNTHETIC
IN-01474,22.575370892841356,88.36567811111821,YES_SYNTHETIC
IN-01475,22.54645615404311,88.45048497251393,YES_SYNTHETIC
IN-01476,22.638101263974647,88.40334187638193,YES_SYNTHETIC
IN-01477,22.615465327147,88.35624322876262,YES_SYNTHETIC
IN-01478,22.656798904219315,88.40281908545066,YES_SYNTHETIC
IN-01479,22.618396212331163,88.43623818075747,YES_SYNTHETIC
IN-01480,22.52741431786844,88.42531418077334,YES_SYNTHETIC
IN-01481,22.5116481205913,88.33296839044898,YES_SYNTHETIC
IN-01482,22.53972209085397,88.45960509367782,YES_SYNTHETIC
IN-01483,22.643907444749587,88.40413397231805,YES_SYNTHETIC
IN-01484,22.61801135232308,88.37631455888051,YES_SYNTHETIC
IN-01485,22.662018133421704,88.36315175057648,YES_SYNTHETIC
IN-01486,22.548703541973982,88.29650706738632,YES_SYNTHETIC
IN-01487,22.629841130452213,88.41078878641513,YES_SYNTHETIC
IN-01488,22.549471007704827,88.26893868279184,YES_SYNTHETIC
IN-01489,22.640399465543602,88.26618359669082,YES_SYNTHETIC
IN-01490,22.613339955925813,88.45795142194521,YES_SYNTHETIC
IN-01491,22.56013226562964,88.3108946809992,YES_SYNTHETIC
IN-01492,22.613574202008678,88.42732562840312,YES_SYNTHETIC
IN-01493,22.58188606321557,88.45730705505123,YES_SYNTHETIC
IN-01494,22.482933744331593,88.3648591196609,YES_SYNTHETIC
IN-01495,22.61629078946451,88.43642809422984,YES_SYNTHETIC
IN-01496,22.508451122381558,88.42390069635273,YES_SYNTHETIC
IN-01497,22.58314141514371,88.34321073639799,YES_SYNTHETIC
IN-01498,22.49894300571582,88.43695915178178,YES_SYNTHETIC
IN-01499,22.504054641635946,88.32585757184182,YES_SYNTHETIC
IN-01500,22.53060910639249,88.43818280683817,YES_SYNTHETIC
IN-01501,22.60714059884178,88.42323627943827,YES_SYNTHETIC
IN-01502,22.522693579758503,88.3888748199214,YES_SYNTHETIC
IN-01503,22.58694919662875,88.43046607535766,YES_SYNTHETIC
IN-01504,22.653817412096252,88.26633135429547,YES_SYNTHETIC
IN-01505,22.60740398381176,88.27426715982395,YES_SYNTHETIC
IN-01506,22.58237173301547,88.32142654580873,YES_SYNTHETIC
IN-01507,22.53395531990443,88.33449170069048,YES_SYNTHETIC
IN-01508,22.59685848980992,88.33070999313375,YES_SYNTHETIC
IN-01509,22.619139810118057,88.34480547711478,YES_SYNTHETIC
IN-01510,22.486270640061992,88.42065196849683,YES_SYNTHETIC
IN-01511,22.529751664918543,88.35045337591986,YES_SYNTHETIC
IN-01512,22.609688776644383,88.33039123142974,YES_SYNTHETIC
IN-01513,22.483917131229344,88.33868420940256,YES_SYNTHETIC
IN-01514,22.661489716538863,88.39224687945972,YES_SYNTHETIC
IN-01515,22.606895829733443,88.39035643072754,YES_SYNTHETIC
IN-01516,22.51239842779189,88.34756677282046,YES_SYNTHETIC
IN-01517,22.622787959672664,88.28417457951063,YES_SYNTHETIC
IN-01518,22.528170555217944,88.31916382169317,YES_SYNTHETIC
IN-01519,22.559003785518904,88.45997374818843,YES_SYNTHETIC
IN-01520,22.486100509336765,88.36764019887612,YES_SYNTHETIC
IN-01521,22.508472936402445,88.45803530908195,YES_SYNTHETIC
IN-01522,22.495260700945494,88.34462020047232,YES_SYNTHETIC
IN-01523,22.620176996966922,88.40481088560549,YES_SYNTHETIC
IN-01524,22.55714572737879,88.33320483359054,YES_SYNTHETIC
IN-01525,22.552122475710576,88.31675525263172,YES_SYNTHETIC
IN-01526,22.513666587741362,88.36050793951178,YES_SYNTHETIC
IN-01527,22.52630675121352,88.32139233297946,YES_SYNTHETIC
IN-01528,22.603951212694913,88.45760746633998,YES_SYNTHETIC
IN-01529,22.593327440111878,88.27929589341299,YES_SYNTHETIC
IN-01530,22.487716722770816,88.45418464416912,YES_SYNTHETIC
IN-01531,22.532058158061467,88.2823133972165,YES_SYNTHETIC
IN-01532,22.592408917430078,88.38862975565806,YES_SYNTHETIC
IN-01533,22.60230096402374,88.31738040557151,YES_SYNTHETIC
IN-01534,22.475622136842897,88.4569030738909,YES_SYNTHETIC
IN-01535,22.52277860913822,88.39910525761051,YES_SYNTHETIC
IN-01536,22.613925973975743,88.38590148341589,YES_SYNTHETIC
IN-01537,22.53518147884273,88.31811925075282,YES_SYNTHETIC
IN-01538,22.592133656540543,88.43711912672234,YES_SYNTHETIC
IN-01539,22.66194674578468,88.28508116088075,YES_SYNTHETIC
IN-01540,22.503565722519546,88.45284725175662,YES_SYNTHETIC
IN-01541,22.61990704566696,88.44049876496595,YES_SYNTHETIC
IN-01542,22.51312652682707,88.38141717422188,YES_SYNTHETIC
IN-01543,22.612827918883497,88.3999223770894,YES_SYNTHETIC
IN-01544,22.55423033817334,88.26697897833826,YES_SYNTHETIC
IN-01545,22.589185211360853,88.31452030783592,YES_SYNTHETIC
IN-01546,22.56265084922858,88.45541620301677,YES_SYNTHETIC
IN-01547,22.552407063528488,88.43186032133289,YES_SYNTHETIC
IN-01548,22.51030812114985,88.398392099605,YES_SYNTHETIC
IN-01549,22.66800139088779,88.28427862017459,YES_SYNTHETIC
IN-01550,22.47426398844544,88.35061655852653,YES_SYNTHETIC
IN-01551,22.491125096610276,88.41357686993524,YES_SYNTHETIC
IN-01552,22.655509732769712,88.35070419454175,YES_SYNTHETIC
IN-01553,22.52434232843109,88.35078066380132,YES_SYNTHETIC
IN-01554,22.61728956357,88.26571083231607,YES_SYNTHETIC
IN-01555,22.59049079789694,88.38655833697747,YES_SYNTHETIC
IN-01556,22.60013764937919,88.31230441599618,YES_SYNTHETIC
IN-01557,22.615410544675626,88.28217829726636,YES_SYNTHETIC
IN-01558,22.512454067293362,88.4393940093309,YES_SYNTHETIC
IN-01559,22.620344630145315,88.26664911080228,YES_SYNTHETIC
IN-01560,22.52227525207396,88.30678129659863,YES_SYNTHETIC
IN-01561,22.526761265607394,88.31341195405598,YES_SYNTHETIC
IN-01562,22.485105259148572,88.35568810331937,YES_SYNTHETIC
IN-01563,22.619146694957234,88.38524634494348,YES_SYNTHETIC
IN-01564,22.607174333719616,88.28012983570724,YES_SYNTHETIC
IN-01565,22.66289814203536,88.43159836676861,YES_SYNTHETIC
IN-01566,22.633618063699135,88.42849676100836,YES_SYNTHETIC
IN-01567,22.659142101626554,88.37275079322274,YES_SYNTHETIC
IN-01568,22.512656403573526,88.38725672157051,YES_SYNTHETIC
IN-01569,22.621176298733587,88.4114834786708,YES_SYNTHETIC
IN-01570,22.576889804833378,88.27759174386672,YES_SYNTHETIC
IN-01571,22.546822587686027,88.44805332169267,YES_SYNTHETIC
IN-01572,22.589489781951485,88.37156638865115,YES_SYNTHETIC
IN-01573,22.52637070287644,88.33758978398332,YES_SYNTHETIC
IN-01574,22.651669217830634,88.39719260950537,YES_SYNTHETIC
IN-01575,22.63007740535047,88.35476908461354,YES_SYNTHETIC
IN-01576,22.598649443891233,88.31357672174865,YES_SYNTHETIC
IN-01577,22.613692166056698,88.34942026674067,YES_SYNTHETIC
IN-01578,22.561109102962952,88.39376446491538,YES_SYNTHETIC
IN-01579,22.659856124293785,88.27670126932172,YES_SYNTHETIC
IN-01580,22.6375486474694,88.32237662208244,YES_SYNTHETIC
IN-01581,22.561383890901276,88.26828266575501,YES_SYNTHETIC
IN-01582,22.532809215566864,88.36442624852603,YES_SYNTHETIC
IN-01583,22.48383521546949,88.36211914587663,YES_SYNTHETIC
IN-01584,22.658022125771687,88.28497864362156,YES_SYNTHETIC
IN-01585,22.6254881456151,88.34583421067519,YES_SYNTHETIC
IN-01586,22.60363474290487,88.31594731959704,YES_SYNTHETIC
IN-01587,22.504498452508273,88.29599252285425,YES_SYNTHETIC
IN-01588,22.48669838912863,88.30102934098025,YES_SYNTHETIC
IN-01589,22.605443876997796,88.4402381223687,YES_SYNTHETIC
IN-01590,22.635425137118233,88.4009268619749,YES_SYNTHETIC
IN-01591,22.49468637268222,88.32173748925919,YES_SYNTHETIC
IN-01592,22.534561375064495,88.31389138927952,YES_SYNTHETIC
IN-01593,22.575601131941944,88.37101076297594,YES_SYNTHETIC
IN-01594,22.543977195034223,88.3346578317473,YES_SYNTHETIC
IN-01595,22.638311119581218,88.42175856966394,YES_SYNTHETIC
IN-01596,22.53415916633615,88.44665768877465,YES_SYNTHETIC
IN-01597,22.663163003400502,88.32924850840601,YES_SYNTHETIC
IN-01598,22.543484989758614,88.3650268306844,YES_SYNTHETIC
IN-01599,22.660824162506735,88.43916388662846,YES_SYNTHETIC
IN-01600,22.493113592516718,88.34244614865429,YES_SYNTHETIC
IN-01601,22.583274237949954,88.36452649451032,YES_SYNTHETIC
IN-01602,22.51137261358738,88.43566335423363,YES_SYNTHETIC
IN-01603,22.60798815659937,88.43148167497036,YES_SYNTHETIC
IN-01604,22.644352855869897,88.41357117073315,YES_SYNTHETIC
IN-01605,22.560442120249945,88.38600935100308,YES_SYNTHETIC
IN-01606,22.50467308122395,88.39862908349498,YES_SYNTHETIC
IN-01607,22.508450651147857,88.40268991810203,YES_SYNTHETIC
IN-01608,22.518519632150795,88.28741026003004,YES_SYNTHETIC
IN-01609,22.505656898028594,88.26429842704381,YES_SYNTHETIC
IN-01610,22.616347923570707,88.41038020981168,YES_SYNTHETIC
IN-01611,22.575586669982652,88.29617256021108,YES_SYNTHETIC
IN-01612,22.48931086750214,88.26772579328745,YES_SYNTHETIC
IN-01613,22.505749635393045,88.44207110699664,YES_SYNTHETIC
IN-01614,22.52090736834034,88.33475426544345,YES_SYNTHETIC
IN-01615,22.49366909689627,88.30837226094964,YES_SYNTHETIC
IN-01616,22.576444914156042,88.38545053661913,YES_SYNTHETIC
IN-01617,22.521670462833242,88.27544643184503,YES_SYNTHETIC
IN-01618,22.550806573825483,88.31074067418527,YES_SYNTHETIC
IN-01619,22.516510784645963,88.45587256054269,YES_SYNTHETIC
IN-01620,22.595860097185145,88.37527568863442,YES_SYNTHETIC
IN-01621,22.555755020704666,88.34968886668602,YES_SYNTHETIC
IN-01622,22.58078100076762,88.40318596140722,YES_SYNTHETIC
IN-01623,22.613029219236367,88.29823878154109,YES_SYNTHETIC
IN-01624,22.57262255041533,88.34629161900682,YES_SYNTHETIC
IN-01625,22.646705393253878,88.39018378424367,YES_SYNTHETIC
IN-01626,22.579100813283198,88.28697892843579,YES_SYNTHETIC
IN-01627,22.593727577864684,88.28734078113605,YES_SYNTHETIC
IN-01628,22.54004131511315,88.29246839296287,YES_SYNTHETIC
IN-01629,22.611014729404875,88.30515042276723,YES_SYNTHETIC
IN-01630,22.550971874637607,88.44303495552376,YES_SYNTHETIC
IN-01631,22.513463276679797,88.36546101279176,YES_SYNTHETIC
IN-01632,22.556454332233205,88.26752480820915,YES_SYNTHETIC
IN-01633,22.631151622714565,88.27770918126292,YES_SYNTHETIC
IN-01634,22.56745100419539,88.37603565898779,YES_SYNTHETIC
IN-01635,22.59828529132292,88.40162632586157,YES_SYNTHETIC
IN-01636,22.523254476704544,88.26589575533168,YES_SYNTHETIC
IN-01637,22.617288732470985,88.37103131986952,YES_SYNTHETIC
IN-01638,22.63982354064145,88.42817767258013,YES_SYNTHETIC
IN-01639,22.64126523355758,88.36091893199591,YES_SYNTHETIC
IN-01640,22.539325679167373,88.42221164051827,YES_SYNTHETIC
IN-01641,22.562858822605854,88.30058843928069,YES_SYNTHETIC
IN-01642,22.643594803912297,88.44041197535446,YES_SYNTHETIC
IN-01643,22.565861951228037,88.27903994546196,YES_SYNTHETIC
IN-01644,22.550165217983388,88.42460753189252,YES_SYNTHETIC
IN-01645,22.652954805709246,88.30459454849952,YES_SYNTHETIC
IN-01646,22.485994722405056,88.43937009062657,YES_SYNTHETIC
IN-01647,22.550480987795776,88.37225219285351,YES_SYNTHETIC
IN-01648,22.666213162410152,88.27721294558285,YES_SYNTHETIC
IN-01649,22.60226360149042,88.27872108451497,YES_SYNTHETIC
IN-01650,22.5476937856933,88.42466290903869,YES_SYNTHETIC
IN-01651,22.559294446551128,88.46333647078059,YES_SYNTHETIC
IN-01652,22.584411856989323,88.32813243052719,YES_SYNTHETIC
IN-01653,22.516622265180953,88.33400410685724,YES_SYNTHETIC
IN-01654,22.54710665475191,88.27764273554479,YES_SYNTHETIC
IN-01655,22.546514839885354,88.35674770394785,YES_SYNTHETIC
IN-01656,22.61714755044776,88.39524589694432,YES_SYNTHETIC
IN-01657,22.61435313104583,88.26557273637538,YES_SYNTHETIC
IN-01658,22.516133479916107,88.39623685767997,YES_SYNTHETIC
IN-01659,22.56939787363595,88.26496269513368,YES_SYNTHETIC
IN-01660,22.633498928486365,88.41846191465807,YES_SYNTHETIC
IN-01661,22.582283832598712,88.27719266515525,YES_SYNTHETIC
IN-01662,22.62590300990652,88.38064271754628,YES_SYNTHETIC
IN-01663,22.628991995431594,88.41424939847917,YES_SYNTHETIC
IN-01664,22.63320041439157,88.36750161328092,YES_SYNTHETIC
IN-01665,22.500664903638704,88.39813149467594,YES_SYNTHETIC
IN-01666,22.596694757010397,88.41235063743981,YES_SYNTHETIC
IN-01667,22.506576201210148,88.30289503998006,YES_SYNTHETIC
IN-01668,22.650681903443868,88.41389555969042,YES_SYNTHETIC
IN-01669,22.654245697740066,88.41564306423278,YES_SYNTHETIC
IN-01670,22.59203106119806,88.39472654740558,YES_SYNTHETIC
IN-01671,22.650425584788003,88.3796613509024,YES_SYNTHETIC
IN-01672,22.59907826486568,88.29519534320072,YES_SYNTHETIC
IN-01673,22.567384244023224,88.40717942239162,YES_SYNTHETIC
IN-01674,22.526788539663276,88.3043508361049,YES_SYNTHETIC
IN-01675,22.535365361644885,88.31220012559857,YES_SYNTHETIC
IN-01676,22.51558252740728,88.34887016857361,YES_SYNTHETIC
IN-01677,22.654167702776707,88.36531192934774,YES_SYNTHETIC
IN-01678,22.510184076163068,88.27929433387618,YES_SYNTHETIC
IN-01679,22.611831229027587,88.34045975288728,YES_SYNTHETIC
IN-01680,22.63696618931707,88.39580215372816,YES_SYNTHETIC
IN-01681,22.631848290108277,88.3182892078837,YES_SYNTHETIC
IN-01682,22.611071784492214,88.31671239693874,YES_SYNTHETIC
IN-01683,22.66041369589006,88.39117485630668,YES_SYNTHETIC
IN-01684,22.53750236003507,88.31780237245846,YES_SYNTHETIC
IN-01685,22.51078531701433,88.40282819177875,YES_SYNTHETIC
IN-01686,22.516343122599586,88.38296065318549,YES_SYNTHETIC
IN-01687,22.525527005385072,88.39629378895877,YES_SYNTHETIC
IN-01688,22.63558794570811,88.41950504862893,YES_SYNTHETIC
IN-01689,22.624770266186157,88.30144448113845,YES_SYNTHETIC
IN-01690,22.490276989396904,88.40368976569748,YES_SYNTHETIC
IN-01691,22.54626944275887,88.35036924528067,YES_SYNTHETIC
IN-01692,22.47882981855868,88.31581528985501,YES_SYNTHETIC
IN-01693,22.479335280774894,88.43973715452024,YES_SYNTHETIC
IN-01694,22.52127933664371,88.3753674339146,YES_SYNTHETIC
IN-01695,22.480395864132227,88.39726947826114,YES_SYNTHETIC
IN-01696,22.53720546915082,88.44348383739154,YES_SYNTHETIC
IN-01697,22.65022363778681,88.32895812367235,YES_SYNTHETIC
IN-01698,22.652792179138096,88.46313153469976,YES_SYNTHETIC
IN-01699,22.63768313282479,88.43287426955105,YES_SYNTHETIC
IN-01700,22.52240174722182,88.37924047977155,YES_SYNTHETIC
IN-01701,22.486051182793474,88.28288358736434,YES_SYNTHETIC
IN-01702,22.67237852240666,88.32922784988519,YES_SYNTHETIC
IN-01703,22.62223678240977,88.42523301060537,YES_SYNTHETIC
IN-01704,22.64420465420145,88.46342565948044,YES_SYNTHETIC
IN-01705,22.520899297051375,88.27197016537194,YES_SYNTHETIC
IN-01706,22.554838303598917,88.28991613396579,YES_SYNTHETIC
IN-01707,22.47708517783241,88.3359853654283,YES_SYNTHETIC
IN-01708,22.62934765021505,88.37713613824502,YES_SYNTHETIC
IN-01709,22.53515559784207,88.39476840109855,YES_SYNTHETIC
IN-01710,22.519003636061765,88.26677628921442,YES_SYNTHETIC
IN-01711,22.625470677287286,88.3886486169728,YES_SYNTHETIC
IN-01712,22.625060524900192,88.27168760333754,YES_SYNTHETIC
IN-01713,22.640023925566133,88.38780524000727,YES_SYNTHETIC
IN-01714,22.58527907014253,88.38882280962291,YES_SYNTHETIC
IN-01715,22.645486649373673,88.38128730131179,YES_SYNTHETIC
IN-01716,22.588790075977638,88.46203583141316,YES_SYNTHETIC
IN-01717,22.623946033413716,88.35235876109023,YES_SYNTHETIC
IN-01718,22.614079400006588,88.34174609433836,YES_SYNTHETIC
IN-01719,22.5183750924967,88.38327037537755,YES_SYNTHETIC
IN-01720,22.658236419622792,88.4497279040031,YES_SYNTHETIC
IN-01721,22.5409810556211,88.36943549324434,YES_SYNTHETIC
IN-01722,22.514927179713972,88.46302622189978,YES_SYNTHETIC
IN-01723,22.668823581573587,88.39380178594149,YES_SYNTHETIC
IN-01724,22.633482811935497,88.40692003225674,YES_SYNTHETIC
IN-01725,22.591231643807895,88.27456959939778,YES_SYNTHETIC
IN-01726,22.563552868510534,88.39885726043349,YES_SYNTHETIC
IN-01727,22.608106322776738,88.33852452368448,YES_SYNTHETIC
IN-01728,22.66093839733161,88.29737140644735,YES_SYNTHETIC
IN-01729,22.572671889243114,88.40207679531017,YES_SYNTHETIC
IN-01730,22.612027161178364,88.39362779135377,YES_SYNTHETIC
IN-01731,22.52765764269037,88.29514131373733,YES_SYNTHETIC
IN-01732,22.599788065365342,88.38376042322788,YES_SYNTHETIC
IN-01733,22.508471202057848,88.40492782911411,YES_SYNTHETIC
IN-01734,22.563634398346732,88.39745211832063,YES_SYNTHETIC
IN-01735,22.64007341595403,88.29784568571539,YES_SYNTHETIC
IN-01736,22.47642897359937,88.41972051727916,YES_SYNTHETIC
IN-01737,22.594539485030523,88.40382791392443,YES_SYNTHETIC
IN-01738,22.64023099499773,88.4244621869649,YES_SYNTHETIC
IN-01739,22.664784029385768,88.37108701577043,YES_SYNTHETIC
IN-01740,22.57029912653198,88.34427743997814,YES_SYNTHETIC
IN-01741,22.50333820856884,88.37842144657641,YES_SYNTHETIC
IN-01742,22.528002504865196,88.4481615024426,YES_SYNTHETIC
IN-01743,22.58923816085542,88.38246803610163,YES_SYNTHETIC
IN-01744,22.543584932175403,88.27429787039554,YES_SYNTHETIC
IN-01745,22.478948753074597,88.34856702883064,YES_SYNTHETIC
IN-01746,22.48951307561945,88.38526939110803,YES_SYNTHETIC
IN-01747,22.648794601127932,88.44048296330375,YES_SYNTHETIC
IN-01748,22.604409082026446,88.30614636629458,YES_SYNTHETIC
IN-01749,22.645199366271775,88.44111868706264,YES_SYNTHETIC
IN-01750,22.511930716990594,88.41138521715413,YES_SYNTHETIC
IN-01751,22.529903909785425,88.42442806247058,YES_SYNTHETIC
IN-01752,22.67204757998072,88.26990520106588,YES_SYNTHETIC
IN-01753,22.652073173158186,88.38842610671973,YES_SYNTHETIC
IN-01754,22.667276523832964,88.35690190350529,YES_SYNTHETIC
IN-01755,22.642077586114276,88.27637881371966,YES_SYNTHETIC
IN-01756,22.53965581001566,88.27730330755024,YES_SYNTHETIC
IN-01757,22.667668626695814,88.42729478145436,YES_SYNTHETIC
IN-01758,22.643109484249194,88.45149304628679,YES_SYNTHETIC
IN-01759,22.48962069722396,88.34101951850266,YES_SYNTHETIC
IN-01760,22.4868069778088,88.30605862031001,YES_SYNTHETIC
IN-01761,22.518473155407534,88.35772144220951,YES_SYNTHETIC
IN-01762,22.52631243349073,88.28409562136355,YES_SYNTHETIC
IN-01763,22.506098217818824,88.29335511271042,YES_SYNTHETIC
IN-01764,22.66721535958246,88.41575850138369,YES_SYNTHETIC
IN-01765,22.666152293053912,88.35184809730158,YES_SYNTHETIC
IN-01766,22.528273696332533,88.42355863944184,YES_SYNTHETIC
IN-01767,22.53785078360823,88.32377667474107,YES_SYNTHETIC
IN-01768,22.519101198441568,88.28983579564485,YES_SYNTHETIC
IN-01769,22.523892612203355,88.33496394969478,YES_SYNTHETIC
IN-01770,22.60739884162915,88.27641296844389,YES_SYNTHETIC
IN-01771,22.51470138793307,88.42570472805834,YES_SYNTHETIC
IN-01772,22.501984384716756,88.3324290293045,YES_SYNTHETIC
IN-01773,22.64553178437163,88.29488506222869,YES_SYNTHETIC
IN-01774,22.48914736712364,88.360807599016,YES_SYNTHETIC
IN-01775,22.533083902255708,88.37658167289678,YES_SYNTHETIC
IN-01776,22.633360978096697,88.29132969763054,YES_SYNTHETIC
IN-01777,22.58873981691086,88.36500175207797,YES_SYNTHETIC
IN-01778,22.50141575720264,88.38869969710579,YES_SYNTHETIC
IN-01779,22.527328083572154,88.3614668637088,YES_SYNTHETIC
IN-01780,22.489054464855414,88.35581681144272,YES_SYNTHETIC
IN-01781,22.533892693608564,88.42837624223708,YES_SYNTHETIC
IN-01782,22.483995745399476,88.34762145498367,YES_SYNTHETIC
IN-01783,22.564286284826288,88.40890121525983,YES_SYNTHETIC
IN-01784,22.587457515018045,88.39734246743883,YES_SYNTHETIC
IN-01785,22.62800985713035,88.43634059473163,YES_SYNTHETIC
IN-01786,22.535375099344495,88.37150454107278,YES_SYNTHETIC
IN-01787,22.64062161568784,88.46179022619302,YES_SYNTHETIC
IN-01788,22.650503862208755,88.33819345252488,YES_SYNTHETIC
IN-01789,22.51163330344373,88.36177850748132,YES_SYNTHETIC
IN-01790,22.62092829036721,88.36241381415066,YES_SYNTHETIC
IN-01791,22.569236172662734,88.43154608421636,YES_SYNTHETIC
IN-01792,22.544880755813438,88.43585893496233,YES_SYNTHETIC
IN-01793,22.553960960190345,88.32954662113566,YES_SYNTHETIC
IN-01794,22.56339798223994,88.41638939173498,YES_SYNTHETIC
IN-01795,22.4978004055728,88.30318384317441,YES_SYNTHETIC
IN-01796,22.66288896513262,88.29899832547628,YES_SYNTHETIC
IN-01797,22.586145463586213,88.37976289333238,YES_SYNTHETIC
IN-01798,22.57052489241005,88.39284904971537,YES_SYNTHETIC
IN-01799,22.518565345159526,88.37443245355536,YES_SYNTHETIC
IN-01800,22.54703465104938,88.39623345192584,YES_SYNTHETIC
IN-01801,22.50084470867463,88.3780754833679,YES_SYNTHETIC
IN-01802,22.509654071076667,88.319628612623,YES_SYNTHETIC
IN-01803,22.516341960064718,88.30046755597377,YES_SYNTHETIC
IN-01804,22.637742190312135,88.32104151353218,YES_SYNTHETIC
IN-01805,22.658024756372892,88.45788530506904,YES_SYNTHETIC
IN-01806,22.58685209398742,88.29250022453314,YES_SYNTHETIC
IN-01807,22.547509648675916,88.42344645266964,YES_SYNTHETIC
IN-01808,22.546078145739415,88.28130344366056,YES_SYNTHETIC
IN-01809,22.58395698218564,88.4329241702992,YES_SYNTHETIC
IN-01810,22.6317852774287,88.29892462802607,YES_SYNTHETIC
IN-01811,22.607152922882495,88.30800085268713,YES_SYNTHETIC
IN-01812,22.516241506910436,88.43871435466104,YES_SYNTHETIC
IN-01813,22.522533790548046,88.31654946930361,YES_SYNTHETIC
IN-01814,22.47273067815226,88.4380338068251,YES_SYNTHETIC
IN-01815,22.63111896264183,88.38936578701814,YES_SYNTHETIC
IN-01816,22.62265315278777,88.29430971348489,YES_SYNTHETIC
IN-01817,22.564264718917517,88.33414387746976,YES_SYNTHETIC
IN-01818,22.491355305251403,88.36112609704298,YES_SYNTHETIC
IN-01819,22.65674793006853,88.27191182381014,YES_SYNTHETIC
IN-01820,22.53089218269876,88.30540818724114,YES_SYNTHETIC
IN-01821,22.52022933073314,88.44558691037588,YES_SYNTHETIC
IN-01822,22.56621381084686,88.35715988258796,YES_SYNTHETIC
IN-01823,22.624715128491058,88.29479844080099,YES_SYNTHETIC
IN-01824,22.570053070820013,88.34989704282421,YES_SYNTHETIC
IN-01825,22.591982138109334,88.46381154065008,YES_SYNTHETIC
IN-01826,22.62648977881641,88.34347314060349,YES_SYNTHETIC
IN-01827,22.63811061045481,88.29804167266249,YES_SYNTHETIC
IN-01828,22.47869273726179,88.30478967449285,YES_SYNTHETIC
IN-01829,22.540682311222852,88.36601615149192,YES_SYNTHETIC
IN-01830,22.59562582810824,88.44602114344289,YES_SYNTHETIC
IN-01831,22.57457080191009,88.36415512892515,YES_SYNTHETIC
IN-01832,22.4826486019646,88.27088231053125,YES_SYNTHETIC
IN-01833,22.582831992383277,88.35153572264967,YES_SYNTHETIC
IN-01834,22.64043607899606,88.29603591694237,YES_SYNTHETIC
IN-01835,22.47759433242341,88.35370775358602,YES_SYNTHETIC
IN-01836,22.520095711350454,88.27382287466777,YES_SYNTHETIC
IN-01837,22.617519657369527,88.28621859999146,YES_SYNTHETIC
IN-01838,22.594263900001554,88.32010995003338,YES_SYNTHETIC
IN-01839,22.507299210071007,88.33985030458386,YES_SYNTHETIC
IN-01840,22.63288915524459,88.34231871538091,YES_SYNTHETIC
IN-01841,22.62275392984221,88.28899725935983,YES_SYNTHETIC
IN-01842,22.627154283933017,88.31128666498132,YES_SYNTHETIC
IN-01843,22.608078625977775,88.3770563109682,YES_SYNTHETIC
IN-01844,22.65842894344234,88.34136450359506,YES_SYNTHETIC
IN-01845,22.485833037766888,88.26773109711026,YES_SYNTHETIC
IN-01846,22.637971712194553,88.36884712753229,YES_SYNTHETIC
IN-01847,22.627648810366992,88.31078512000231,YES_SYNTHETIC
IN-01848,22.541616749102648,88.26992077444227,YES_SYNTHETIC
IN-01849,22.664898464914824,88.39747358134017,YES_SYNTHETIC
IN-01850,22.659241017551864,88.31699928148582,YES_SYNTHETIC
IN-01851,22.594892722245135,88.39959999365853,YES_SYNTHETIC
IN-01852,22.536109940051517,88.43352184700312,YES_SYNTHETIC
IN-01853,22.66203229258005,88.4408710235392,YES_SYNTHETIC
IN-01854,22.620413395187875,88.31939293594499,YES_SYNTHETIC
IN-01855,22.528923208421126,88.45657206408922,YES_SYNTHETIC
IN-01856,22.47465689918714,88.40710999464844,YES_SYNTHETIC
IN-01857,22.613849232511054,88.38843790818996,YES_SYNTHETIC
IN-01858,22.670621769217373,88.32627588715275,YES_SYNTHETIC
IN-01859,22.54059437275865,88.27968788058931,YES_SYNTHETIC
IN-01860,22.561159627308747,88.31610970524697,YES_SYNTHETIC
IN-01861,22.54127734043553,88.43081435805112,YES_SYNTHETIC
IN-01862,22.6596969027055,88.30104661440105,YES_SYNTHETIC
IN-01863,22.547101786310694,88.44962611242308,YES_SYNTHETIC
IN-01864,22.484961692137844,88.28237210562227,YES_SYNTHETIC
IN-01865,22.505158197841247,88.38294256682538,YES_SYNTHETIC
IN-01866,22.5026944542012,88.45751527629015,YES_SYNTHETIC
IN-01867,22.561942905451705,88.36420359207004,YES_SYNTHETIC
IN-01868,22.52193172316108,88.35809205048695,YES_SYNTHETIC
IN-01869,22.604982726527403,88.4141354273908,YES_SYNTHETIC
IN-01870,22.623373616541983,88.37947822253882,YES_SYNTHETIC
IN-01871,22.65347195499877,88.42738156946122,YES_SYNTHETIC
IN-01872,22.624009622939727,88.27502110433609,YES_SYNTHETIC
IN-01873,22.47397559244393,88.3063894554391,YES_SYNTHETIC
IN-01874,22.60530471878269,88.3461394977765,YES_SYNTHETIC
IN-01875,22.553081251859865,88.44081737764593,YES_SYNTHETIC
IN-01876,22.65171256962637,88.44573505281072,YES_SYNTHETIC
IN-01877,22.535375615303007,88.40211116254785,YES_SYNTHETIC
IN-01878,22.526926636254874,88.30202196661489,YES_SYNTHETIC
IN-01879,22.509526491469476,88.33232152417273,YES_SYNTHETIC
IN-01880,22.558591523955965,88.43008983421102,YES_SYNTHETIC
IN-01881,22.496578218694545,88.41088516947897,YES_SYNTHETIC
IN-01882,22.578890982837862,88.3214890685352,YES_SYNTHETIC
IN-01883,22.571163916906567,88.3238884139554,YES_SYNTHETIC
IN-01884,22.59181639104766,88.35066878457106,YES_SYNTHETIC
IN-01885,22.505481105815775,88.28721661491115,YES_SYNTHETIC
IN-01886,22.581939136414427,88.44438260665723,YES_SYNTHETIC
IN-01887,22.54139153731154,88.41050002144452,YES_SYNTHETIC
IN-01888,22.604332270987953,88.4502109828619,YES_SYNTHETIC
IN-01889,22.63679620345983,88.37722105178109,YES_SYNTHETIC
IN-01890,22.604006099646824,88.4435772933168,YES_SYNTHETIC
IN-01891,22.55250375691739,88.32925894117156,YES_SYNTHETIC
IN-01892,22.47476221672704,88.42921021483829,YES_SYNTHETIC
IN-01893,22.632796140080675,88.28479090362003,YES_SYNTHETIC
IN-01894,22.587971476226542,88.35669633963337,YES_SYNTHETIC
IN-01895,22.496341819101822,88.46001364541215,YES_SYNTHETIC
IN-01896,22.515539177492673,88.27734683601811,YES_SYNTHETIC
IN-01897,22.591569475900382,88.41167333542661,YES_SYNTHETIC
IN-01898,22.479088689209437,88.3956435277454,YES_SYNTHETIC
IN-01899,22.579058375190293,88.28455300177501,YES_SYNTHETIC
IN-01900,22.507104775389273,88.37749485946321,YES_SYNTHETIC
IN-01901,22.53187152270266,88.45156314573026,YES_SYNTHETIC
IN-01902,22.63634804589681,88.46061344130274,YES_SYNTHETIC
IN-01903,22.524534167790083,88.4578447265596,YES_SYNTHETIC
IN-01904,22.55884677395831,88.33340375906275,YES_SYNTHETIC
IN-01905,22.482669905393873,88.27445305157192,YES_SYNTHETIC
IN-01906,22.611002251189333,88.3554857988868,YES_SYNTHETIC
IN-01907,22.517904325207223,88.38669406126505,YES_SYNTHETIC
IN-01908,22.523171623650022,88.37942635086888,YES_SYNTHETIC
IN-01909,22.54444174939654,88.42861044532236,YES_SYNTHETIC
IN-01910,22.636739232153356,88.35937007962448,YES_SYNTHETIC
IN-01911,22.542763821867005,88.33641195931182,YES_SYNTHETIC
IN-01912,22.633742905133644,88.32953589655952,YES_SYNTHETIC
IN-01913,22.51441187474137,88.28083766837506,YES_SYNTHETIC
IN-01914,22.565938624176884,88.36032641978397,YES_SYNTHETIC
IN-01915,22.640781742080584,88.30814773928921,YES_SYNTHETIC
IN-01916,22.548798254733683,88.42558114777874,YES_SYNTHETIC
IN-01917,22.637324722149796,88.34082221519576,YES_SYNTHETIC
IN-01918,22.56442480465734,88.32455717816985,YES_SYNTHETIC
IN-01919,22.659110975683863,88.28762875314831,YES_SYNTHETIC
IN-01920,22.659349884600296,88.40067329036707,YES_SYNTHETIC
IN-01921,22.57891443053735,88.2704318121569,YES_SYNTHETIC
IN-01922,22.567719238364404,88.34544962100055,YES_SYNTHETIC
IN-01923,22.504843762395026,88.39518192070014,YES_SYNTHETIC
IN-01924,22.66683018147366,88.37633776221291,YES_SYNTHETIC
IN-01925,22.61555065528879,88.2775900905132,YES_SYNTHETIC
IN-01926,22.5561333991634,88.2871716970329,YES_SYNTHETIC
IN-01927,22.595159167107305,88.45159643164283,YES_SYNTHETIC
IN-01928,22.604955546494327,88.27926060966288,YES_SYNTHETIC
IN-01929,22.543533240997018,88.37403267588817,YES_SYNTHETIC
IN-01930,22.55324155122665,88.43062880209503,YES_SYNTHETIC
IN-01931,22.635534200942,88.38626620402064,YES_SYNTHETIC
IN-01932,22.547291589026543,88.31496727475265,YES_SYNTHETIC
IN-01933,22.493774863642628,88.33487953669731,YES_SYNTHETIC
IN-01934,22.555234503441547,88.39906458502081,YES_SYNTHETIC
IN-01935,22.604231964859515,88.27792162792825,YES_SYNTHETIC
IN-01936,22.55165186308623,88.30025577344347,YES_SYNTHETIC
IN-01937,22.503962541063363,88.42936042994745,YES_SYNTHETIC
IN-01938,22.480983043343254,88.34773657518042,YES_SYNTHETIC
IN-01939,22.506240731153305,88.43976604313569,YES_SYNTHETIC
IN-01940,22.58400810265501,88.31017612727537,YES_SYNTHETIC
IN-01941,22.573085457433276,88.41019727194062,YES_SYNTHETIC
IN-01942,22.66422360178389,88.30798920084908,YES_SYNTHETIC
IN-01943,22.64983635442587,88.4507608228335,YES_SYNTHETIC
IN-01944,22.655884108906413,88.39098287137239,YES_SYNTHETIC
IN-01945,22.598564130886942,88.34454212663677,YES_SYNTHETIC
IN-01946,22.62307957646076,88.3701588036702,YES_SYNTHETIC
IN-01947,22.60808761424566,88.34959158076975,YES_SYNTHETIC
IN-01948,22.618899292808628,88.42879430352092,YES_SYNTHETIC
IN-01949,22.501887251320564,88.43048594311485,YES_SYNTHETIC
IN-01950,22.58065930635806,88.43283318181804,YES_SYNTHETIC
IN-01951,22.558860341268204,88.33970809707661,YES_SYNTHETIC
IN-01952,22.655612146503447,88.31413385350969,YES_SYNTHETIC
IN-01953,22.64144246505723,88.36070411450189,YES_SYNTHETIC
IN-01954,22.57541908851025,88.3255936562979,YES_SYNTHETIC
IN-01955,22.587208440123803,88.32894223925524,YES_SYNTHETIC
IN-01956,22.48045388284833,88.31829972106887,YES_SYNTHETIC
IN-01957,22.47387580868132,88.45957095741137,YES_SYNTHETIC
IN-01958,22.66574944196395,88.34293105949446,YES_SYNTHETIC
IN-01959,22.61827417086793,88.33306121968208,YES_SYNTHETIC
IN-01960,22.606818631417198,88.4249860086092,YES_SYNTHETIC
IN-01961,22.66195124893845,88.34394245516994,YES_SYNTHETIC
IN-01962,22.62925959659121,88.31708569012642,YES_SYNTHETIC
IN-01963,22.67066646075873,88.26905391975288,YES_SYNTHETIC
IN-01964,22.593305761300225,88.39580119633027,YES_SYNTHETIC
IN-01965,22.61020911141483,88.28797751575782,YES_SYNTHETIC
IN-01966,22.66030595669463,88.30013665581002,YES_SYNTHETIC
IN-01967,22.59715068064797,88.30843521582462,YES_SYNTHETIC
IN-01968,22.534043283404255,88.37319170834563,YES_SYNTHETIC
IN-01969,22.556038683712917,88.2959451201953,YES_SYNTHETIC
IN-01970,22.506787280484172,88.34752895763256,YES_SYNTHETIC
IN-01971,22.6240565956551,88.44349292936955,YES_SYNTHETIC
IN-01972,22.48942553245188,88.34252078151188,YES_SYNTHETIC
IN-01973,22.492649112744576,88.26721849612652,YES_SYNTHETIC
IN-01974,22.604943736528792,88.38438988839332,YES_SYNTHETIC
IN-01975,22.50520382276298,88.31066256661862,YES_SYNTHETIC
IN-01976,22.477341550728905,88.43088944113889,YES_SYNTHETIC
IN-01977,22.667538119209713,88.29099190735894,YES_SYNTHETIC
IN-01978,22.518895042753062,88.43758190478938,YES_SYNTHETIC
IN-01979,22.65789275959124,88.34782547656137,YES_SYNTHETIC
IN-01980,22.482724494453816,88.27177836673856,YES_SYNTHETIC
IN-01981,22.587389973213803,88.34247902177864,YES_SYNTHETIC
IN-01982,22.47833048551553,88.38055047846251,YES_SYNTHETIC
IN-01983,22.474860507317807,88.42137439162985,YES_SYNTHETIC
IN-01984,22.533886564540676,88.27195160060185,YES_SYNTHETIC
IN-01985,22.590270444196634,88.3434368828866,YES_SYNTHETIC
IN-01986,22.667360082671433,88.37273973250075,YES_SYNTHETIC
IN-01987,22.527647836207404,88.4057877729268,YES_SYNTHETIC
IN-01988,22.526898400508543,88.44474865828151,YES_SYNTHETIC
IN-01989,22.547544394101475,88.37387371255524,YES_SYNTHETIC
IN-01990,22.482714620764845,88.34912424759045,YES_SYNTHETIC
IN-01991,22.6390727079322,88.42502976107266,YES_SYNTHETIC
IN-01992,22.517463711770706,88.30911581420212,YES_SYNTHETIC
IN-01993,22.63606106244265,88.44997968403386,YES_SYNTHETIC
IN-01994,22.4916721842546,88.35391172788525,YES_SYNTHETIC
IN-01995,22.540090855792847,88.4380376910915,YES_SYNTHETIC
IN-01996,22.489304982936005,88.30612518851161,YES_SYNTHETIC
IN-01997,22.6230936675173,88.27415876979624,YES_SYNTHETIC
IN-01998,22.57110707614286,88.35232140693594,YES_SYNTHETIC
IN-01999,22.53948023579775,88.34281446306379,YES_SYNTHETIC
IN-02000,22.578588117386047,88.29617347167768,YES_SYNTHETIC
IN-02001,16.52059917565672,80.70908646586,YES_SYNTHETIC
IN-02002,16.558232185958033,80.57877998093875,YES_SYNTHETIC
IN-02003,16.436049893948294,80.60163487354897,YES_SYNTHETIC
IN-02004,16.478414945268206,80.62969111628169,YES_SYNTHETIC
IN-02005,16.54213944336667,80.55933608643316,YES_SYNTHETIC
IN-02006,16.413134540845213,80.62638211258877,YES_SYNTHETIC
IN-02007,16.545632738427596,80.58668706859129,YES_SYNTHETIC
IN-02008,16.53450089625125,80.59996562758806,YES_SYNTHETIC
IN-02009,16.5834172217627,80.72713798885331,YES_SYNTHETIC
IN-02010,16.465657440856265,80.59399875079265,YES_SYNTHETIC
IN-02011,16.488460794413246,80.59610631703603,YES_SYNTHETIC
IN-02012,16.54067676865834,80.71321293690966,YES_SYNTHETIC
IN-02013,16.540818426182245,80.71287008944986,YES_SYNTHETIC
IN-02014,16.485598432441495,80.57926339414176,YES_SYNTHETIC
IN-02015,16.553790189479518,80.62009490102831,YES_SYNTHETIC
IN-02016,16.540454165045826,80.60212878839634,YES_SYNTHETIC
IN-02017,16.422445926961334,80.74651635909755,YES_SYNTHETIC
IN-02018,16.43744030158612,80.74568419879269,YES_SYNTHETIC
IN-02019,16.60165598651329,80.7067636207816,YES_SYNTHETIC
IN-02020,16.5380845924164,80.6635614100502,YES_SYNTHETIC
IN-02021,16.579420309075566,80.6058879043239,YES_SYNTHETIC
IN-02022,16.499736242496976,80.6718779938733,YES_SYNTHETIC
IN-02023,16.488438095173898,80.63349729081806,YES_SYNTHETIC
IN-02024,16.472256933500418,80.6608463633369,YES_SYNTHETIC
IN-02025,21.215914905603025,79.02850567560127,YES_SYNTHETIC
IN-02026,21.23268660775069,79.12601753074965,YES_SYNTHETIC
IN-02027,21.210454642536007,79.099438138526,YES_SYNTHETIC
IN-02028,21.201703340284816,78.99144007946789,YES_SYNTHETIC
IN-02029,21.20947608495591,78.99622777181708,YES_SYNTHETIC
IN-02030,21.223782675272574,79.18659254944772,YES_SYNTHETIC
IN-02031,21.104613492435355,79.03026371125716,YES_SYNTHETIC
IN-02032,21.19887267277161,79.03880526818405,YES_SYNTHETIC
IN-02033,21.218912476634443,79.0087685184315,YES_SYNTHETIC
IN-02034,21.070991039275874,79.18403031102012,YES_SYNTHETIC
IN-02035,21.180567779654,79.15757744488579,YES_SYNTHETIC
IN-02036,21.110665875470303,79.12349674990412,YES_SYNTHETIC
IN-02037,21.16464836546172,79.10883002402458,YES_SYNTHETIC
IN-02038,21.182306491907546,79.10327183462582,YES_SYNTHETIC
IN-02039,21.131612473860535,79.04338453887611,YES_SYNTHETIC
IN-02040,21.19951626618264,79.03345448600064,YES_SYNTHETIC
IN-02041,21.184270861230885,79.03486656452986,YES_SYNTHETIC
IN-02042,21.17086603399089,79.13761565342581,YES_SYNTHETIC
IN-02043,21.089542777781308,79.00018866017226,YES_SYNTHETIC
IN-02044,21.071994748598836,79.10939939345421,YES_SYNTHETIC
IN-02045,21.215689281245147,78.99719936424708,YES_SYNTHETIC
IN-02046,21.192630251808332,79.05646372919001,YES_SYNTHETIC
IN-02047,21.141505673983907,79.17397190996911,YES_SYNTHETIC
IN-02048,21.11219430094717,79.0812673867879,YES_SYNTHETIC
IN-02049,21.048536482952137,79.00451974400097,YES_SYNTHETIC
IN-02050,21.097518318226957,78.99377044816421,YES_SYNTHETIC
IN-02051,26.17077506520965,91.72147967136033,YES_SYNTHETIC
IN-02052,26.154129040545605,91.67112943717926,YES_SYNTHETIC
IN-02053,26.103686405887323,91.76896489497054,YES_SYNTHETIC
IN-02054,26.23756054472608,91.64628335472044,YES_SYNTHETIC
IN-02055,26.222576864171053,91.75157624026224,YES_SYNTHETIC
IN-02056,26.157283913351126,91.73625570704155,YES_SYNTHETIC
IN-02057,26.058378817180838,91.65417537034723,YES_SYNTHETIC
IN-02058,26.164682401131817,91.70439171428711,YES_SYNTHETIC
IN-02059,26.227953613315538,91.71751810747189,YES_SYNTHETIC
IN-02060,26.073156291740528,91.7791437667004,YES_SYNTHETIC
IN-02061,26.1031706842882,91.74129406147118,YES_SYNTHETIC
IN-02062,26.184066557101033,91.81625282224041,YES_SYNTHETIC
IN-02063,26.202938238960336,91.77147221357454,YES_SYNTHETIC
IN-02064,26.18042663647903,91.82538492880641,YES_SYNTHETIC
IN-02065,26.103664819499308,91.63642241883923,YES_SYNTHETIC
IN-02066,26.09889091187964,91.67977827592534,YES_SYNTHETIC
IN-02067,26.1768669170228,91.7629423199531,YES_SYNTHETIC
IN-02068,26.163192276540947,91.63944868864189,YES_SYNTHETIC
IN-02069,26.19025561089013,91.7009060824971,YES_SYNTHETIC
IN-02070,26.177511197801326,91.74751568570042,YES_SYNTHETIC
IN-02071,26.113046185085583,91.66311525342081,YES_SYNTHETIC
IN-02072,26.063383779532096,91.80250366662244,YES_SYNTHETIC
IN-02073,26.22817950841631,91.76615760935286,YES_SYNTHETIC
IN-02074,26.065186822972098,91.71660544337765,YES_SYNTHETIC
IN-02075,26.190287840021032,91.792164176802,YES_SYNTHETIC
IN-02076,26.068143724458217,91.63620614376907,YES_SYNTHETIC
IN-02077,26.18692740917612,91.70751923519724,YES_SYNTHETIC
IN-02078,26.095396266323654,91.6387794939579,YES_SYNTHETIC
IN-02079,26.1525598813523,91.8064301470852,YES_SYNTHETIC
IN-02080,26.236026329254518,91.74934899012266,YES_SYNTHETIC
IN-02081,26.14739226554798,91.65321127709784,YES_SYNTHETIC
IN-02082,26.154274560308522,91.71219581579308,YES_SYNTHETIC
IN-02083,26.165927056176717,91.7139452695753,YES_SYNTHETIC
IN-02084,25.542159824690074,85.05659305504568,YES_SYNTHETIC
IN-02085,25.55708368891778,85.05692896685755,YES_SYNTHETIC
IN-02086,25.5294793901648,85.23506723171592,YES_SYNTHETIC
IN-02087,25.582920711381323,85.143974353301,YES_SYNTHETIC
IN-02088,25.668823705747442,85.23671378009814,YES_SYNTHETIC
IN-02089,25.610642889868938,85.20009476420884,YES_SYNTHETIC
IN-02090,25.559488204867336,85.09874879148947,YES_SYNTHETIC
IN-02091,25.574640744198913,85.17210145253473,YES_SYNTHETIC
IN-02092,25.63053833785102,85.10064788692989,YES_SYNTHETIC
IN-02093,25.52074198482733,85.1640792512931,YES_SYNTHETIC
IN-02094,25.519765172437754,85.15329850164588,YES_SYNTHETIC
IN-02095,25.632784425611263,85.1777222992789,YES_SYNTHETIC
IN-02096,25.64479442213192,85.21217188431314,YES_SYNTHETIC
IN-02097,25.59409179839296,85.18364983790592,YES_SYNTHETIC
IN-02098,25.61793454707317,85.07492798795954,YES_SYNTHETIC
IN-02099,25.499237928973884,85.09450827713539,YES_SYNTHETIC
IN-02100,25.582706741267526,85.16102118888574,YES_SYNTHETIC
IN-02101,25.66409186610064,85.07684914334124,YES_SYNTHETIC
IN-02102,25.519209957979697,85.23029598949488,YES_SYNTHETIC
IN-02103,25.515708911875283,85.13329821402144,YES_SYNTHETIC
IN-02104,25.61121274575866,85.1458748841815,YES_SYNTHETIC
IN-02105,25.511306431406588,85.04900538280073,YES_SYNTHETIC
IN-02106,25.515196685492207,85.15471753677453,YES_SYNTHETIC
IN-02107,25.602968977526864,85.08434815840735,YES_SYNTHETIC
IN-02108,25.62165482836912,85.20161350041114,YES_SYNTHETIC
IN-02109,25.50241579196932,85.13722598870962,YES_SYNTHETIC
IN-02110,25.63196208242054,85.08806238541395,YES_SYNTHETIC
IN-02111,25.55565418105863,85.16032758059788,YES_SYNTHETIC
IN-02112,25.67368705868875,85.19958488406058,YES_SYNTHETIC
IN-02113,25.610726043819916,85.18364434355145,YES_SYNTHETIC
IN-02114,25.56706449404156,85.16579310561976,YES_SYNTHETIC
IN-02115,25.587336318225514,85.07558722729152,YES_SYNTHETIC
IN-02116,25.634447654775453,85.14889292746977,YES_SYNTHETIC
IN-02117,25.56582431639072,85.21986783801573,YES_SYNTHETIC
IN-02118,25.498286823565348,85.10075463024991,YES_SYNTHETIC
IN-02119,25.50547627955553,85.19090546324433,YES_SYNTHETIC
IN-02120,25.63452149082276,85.10387044374727,YES_SYNTHETIC
IN-02121,25.629232580441414,85.1167874452392,YES_SYNTHETIC
IN-02122,21.197050758284487,79.07903673254734,YES_SYNTHETIC
IN-02123,21.128255945566334,79.17514598309766,YES_SYNTHETIC
IN-02124,21.09597581997814,79.01228946799931,YES_SYNTHETIC
IN-02125,21.16270862265189,79.18206436245684,YES_SYNTHETIC
IN-02126,21.12136784274544,79.00060735272575,YES_SYNTHETIC
IN-02127,21.113661053461914,79.08938633086392,YES_SYNTHETIC
IN-02128,21.078184601326445,79.1198204436113,YES_SYNTHETIC
IN-02129,21.24534987780204,79.0785478951963,YES_SYNTHETIC
IN-02130,21.116745711346045,79.06834083336689,YES_SYNTHETIC
IN-02131,21.06882923567904,79.16485472028525,YES_SYNTHETIC
IN-02132,21.12876513110427,79.06565488228497,YES_SYNTHETIC
IN-02133,21.177738054586097,79.07660668418623,YES_SYNTHETIC
IN-02134,21.17544669376157,79.00048925802616,YES_SYNTHETIC
IN-02135,21.208544668744448,79.17630079057588,YES_SYNTHETIC
IN-02136,21.17555307723188,79.17911318577177,YES_SYNTHETIC
IN-02137,21.076086462873995,79.08368323789607,YES_SYNTHETIC
IN-02138,21.166161346789092,79.10454732948423,YES_SYNTHETIC
IN-02139,21.12609235581781,79.05581688187326,YES_SYNTHETIC
IN-02140,21.071164804510087,79.06654849011245,YES_SYNTHETIC
IN-02141,21.0783321630211,79.13507313529844,YES_SYNTHETIC
IN-02142,21.08756618709892,78.9999130610569,YES_SYNTHETIC
IN-02143,21.15627322756345,79.10724594654388,YES_SYNTHETIC
IN-02144,21.220182612256103,79.10359632248354,YES_SYNTHETIC
IN-02145,21.11489617074469,79.14880237630527,YES_SYNTHETIC
IN-02146,21.153855778637485,79.00405605692625,YES_SYNTHETIC
IN-02147,21.15897011206265,79.16980370908433,YES_SYNTHETIC
IN-02148,21.125062525099647,79.04746516037996,YES_SYNTHETIC
IN-02149,21.074493891403606,79.01848910438707,YES_SYNTHETIC
IN-02150,21.132354296868364,79.1073359648323,YES_SYNTHETIC
IN-02151,21.06192308103392,79.17611371780504,YES_SYNTHETIC
IN-02152,21.19682672348904,79.10552478365673,YES_SYNTHETIC
IN-02153,21.2114877341878,79.00423735136242,YES_SYNTHETIC
IN-02154,21.141167775546627,79.11421862537233,YES_SYNTHETIC
IN-02155,21.21153058122366,79.14489391200985,YES_SYNTHETIC
IN-02156,22.97791384994268,72.65957603391183,YES_SYNTHETIC
IN-02157,22.947369168286176,72.64642672372423,YES_SYNTHETIC
IN-02158,23.116688049920924,72.50683070464453,YES_SYNTHETIC
IN-02159,23.06691321284076,72.47945710375559,YES_SYNTHETIC
IN-02160,23.003584565027833,72.57465665983953,YES_SYNTHETIC
IN-02161,23.038629045181928,72.65858744964972,YES_SYNTHETIC
IN-02162,23.05695013745884,72.56765559024385,YES_SYNTHETIC
IN-02163,23.08443500725318,72.66150656419087,YES_SYNTHETIC
IN-02164,22.92691322973646,72.6679042544512,YES_SYNTHETIC
IN-02165,22.939726427812737,72.63427735585375,YES_SYNTHETIC
IN-02166,22.978566950510285,72.49783593155077,YES_SYNTHETIC
IN-02167,23.01047112794277,72.60019131588952,YES_SYNTHETIC
IN-02168,22.998690369004695,72.48231308165654,YES_SYNTHETIC
IN-02169,23.042392227931746,72.65188065522213,YES_SYNTHETIC
IN-02170,22.99914307318945,72.51466655552616,YES_SYNTHETIC
IN-02171,23.011015469186564,72.48107254220976,YES_SYNTHETIC
IN-02172,23.086597516896056,72.63666816219003,YES_SYNTHETIC
IN-02173,23.040100092685925,72.54202057778768,YES_SYNTHETIC
IN-02174,23.08245667288916,72.58233740495767,YES_SYNTHETIC
IN-02175,23.087686461710003,72.5976917585166,YES_SYNTHETIC
IN-02176,23.07938109464256,72.59111259864355,YES_SYNTHETIC
IN-02177,23.005328213643136,72.66298917198523,YES_SYNTHETIC
IN-02178,23.03072276497577,72.59241790370811,YES_SYNTHETIC
IN-02179,22.96659752788295,72.59653015788545,YES_SYNTHETIC
IN-02180,23.03682152989659,72.5083676795894,YES_SYNTHETIC
IN-02181,22.93441741947063,72.59227186394295,YES_SYNTHETIC
IN-02182,23.075238453870064,72.57608027418439,YES_SYNTHETIC
IN-02183,22.96785452506393,72.6047043953386,YES_SYNTHETIC
IN-02184,22.93852114532192,72.55976674096038,YES_SYNTHETIC
IN-02185,22.955173351679687,72.50829181021197,YES_SYNTHETIC
IN-02186,22.962958789831642,72.5487414114088,YES_SYNTHETIC
IN-02187,22.93273004112408,72.55095868818582,YES_SYNTHETIC
IN-02188,23.02484148942294,72.56805885699326,YES_SYNTHETIC
IN-02189,21.122356820080608,79.15602932161416,YES_SYNTHETIC
IN-02190,21.074865338484102,79.08933934875627,YES_SYNTHETIC
IN-02191,21.058208283391313,79.00243113577558,YES_SYNTHETIC
IN-02192,21.16057316993542,79.10140368497757,YES_SYNTHETIC
IN-02193,21.221406702568892,79.09977473513202,YES_SYNTHETIC
IN-02194,21.237758204080972,78.99793896967999,YES_SYNTHETIC
IN-02195,21.06540153695615,78.99701317231408,YES_SYNTHETIC
IN-02196,21.08285537006671,79.09645402218834,YES_SYNTHETIC
IN-02197,21.174914436285487,78.99731703158973,YES_SYNTHETIC
IN-02198,21.23499417796912,79.15663307533008,YES_SYNTHETIC
IN-02199,21.10512249643142,79.0036375060453,YES_SYNTHETIC
IN-02200,21.079777414643814,79.013588882751,YES_SYNTHETIC
IN-02201,21.07045675585979,79.09191233773315,YES_SYNTHETIC
IN-02202,21.09496948849868,79.05982794330583,YES_SYNTHETIC
IN-02203,21.243701066676866,79.12506284978507,YES_SYNTHETIC
IN-02204,21.235596133409402,79.01671131100662,YES_SYNTHETIC
IN-02205,21.122227894966514,79.09914636065648,YES_SYNTHETIC
IN-02206,21.06115161237775,78.98903748872559,YES_SYNTHETIC
IN-02207,21.179886866759386,79.11656390336029,YES_SYNTHETIC
IN-02208,21.127957761999923,79.08612881520641,YES_SYNTHETIC
IN-02209,21.12888860011842,78.99300100896897,YES_SYNTHETIC
IN-02210,21.112874321243496,79.02361645107946,YES_SYNTHETIC
IN-02211,21.065484837820275,79.17954408677787,YES_SYNTHETIC
IN-02212,21.165671945008434,79.13393125684732,YES_SYNTHETIC
IN-02213,21.108872748653226,79.0668294258988,YES_SYNTHETIC
IN-02214,21.093184798779347,79.00759313419309,YES_SYNTHETIC
IN-02215,21.081606327488316,79.1477028090593,YES_SYNTHETIC
IN-02216,21.181309161036758,79.09758577519709,YES_SYNTHETIC
IN-02217,21.140817974573356,79.17268685673123,YES_SYNTHETIC
IN-02218,21.060346989555736,79.04432016264758,YES_SYNTHETIC
IN-02219,21.115787570714144,79.14468516244256,YES_SYNTHETIC
IN-02220,21.244302924032397,79.03633410295143,YES_SYNTHETIC
IN-02221,21.220661466827416,79.15432455208636,YES_SYNTHETIC
IN-02222,21.090731479528355,79.06806651603985,YES_SYNTHETIC
IN-02223,21.127734573858504,79.1838441337053,YES_SYNTHETIC
IN-02224,21.081978380275782,79.14803159422095,YES_SYNTHETIC
IN-02225,21.112638542834624,79.13437406915523,YES_SYNTHETIC
IN-02226,21.129802200859135,79.10387195262331,YES_SYNTHETIC
IN-02227,21.21232235466523,79.14903311299678,YES_SYNTHETIC
IN-02228,21.21908463670794,79.00012346506894,YES_SYNTHETIC
IN-02229,21.18421011060795,79.01619747534436,YES_SYNTHETIC
IN-02230,21.128963713603685,79.09791768301093,YES_SYNTHETIC
IN-02231,21.12634789694937,79.0921223351606,YES_SYNTHETIC
IN-02232,21.245105261759726,79.01524346274257,YES_SYNTHETIC
IN-02233,21.180891209067287,79.06740019327712,YES_SYNTHETIC
IN-02234,21.072401959781466,79.01994735267486,YES_SYNTHETIC
IN-02235,21.235654621249125,79.16412029934236,YES_SYNTHETIC
IN-02236,21.227208392083007,79.18650655516548,YES_SYNTHETIC
IN-02237,21.087463078001704,79.05928786747282,YES_SYNTHETIC
IN-02238,21.179643805984973,79.08496050797213,YES_SYNTHETIC
IN-02239,21.129477906675667,79.05976224986712,YES_SYNTHETIC
IN-02240,21.164556126388693,79.10331868572801,YES_SYNTHETIC
IN-02241,21.078091566812848,79.08254796750369,YES_SYNTHETIC
IN-02242,21.15649435524197,79.10225738774628,YES_SYNTHETIC
IN-02243,21.087821438582473,79.13665427845046,YES_SYNTHETIC
IN-02244,21.050839818964214,79.05916637110863,YES_SYNTHETIC
IN-02245,21.20184252970713,79.10097858421108,YES_SYNTHETIC
IN-02246,21.098032486502174,79.12719062386861,YES_SYNTHETIC
IN-02247,12.985078188831215,77.65384872189128,YES_SYNTHETIC
IN-02248,13.018605037237965,77.61662158440724,YES_SYNTHETIC
IN-02249,12.969235535062163,77.52123642513351,YES_SYNTHETIC
IN-02250,12.923866603577077,77.57841989458342,YES_SYNTHETIC
IN-02251,12.991459857401278,77.59734157104306,YES_SYNTHETIC
IN-02252,12.929236905191907,77.49589287155794,YES_SYNTHETIC
IN-02253,12.970847844380163,77.55172519771244,YES_SYNTHETIC
IN-02254,13.018521660142108,77.49938925305409,YES_SYNTHETIC
IN-02255,12.988565562261158,77.68289484750122,YES_SYNTHETIC
IN-02256,12.906481853422301,77.58892989815011,YES_SYNTHETIC
IN-02257,12.889884398363428,77.61973638245227,YES_SYNTHETIC
IN-02258,12.981706336119245,77.57607310484256,YES_SYNTHETIC
IN-02259,12.975875404294749,77.6739149316938,YES_SYNTHETIC
IN-02260,12.910858860462215,77.49911290234107,YES_SYNTHETIC
IN-02261,13.043932976939821,77.61002341647757,YES_SYNTHETIC
IN-02262,13.049731691092369,77.61398904468264,YES_SYNTHETIC
IN-02263,13.033632217991942,77.58053467267104,YES_SYNTHETIC
IN-02264,13.021571986257655,77.67720829337797,YES_SYNTHETIC
IN-02265,12.986024592744442,77.53075703011248,YES_SYNTHETIC
IN-02266,12.92535952300604,77.53432891537948,YES_SYNTHETIC
IN-02267,12.920971405519147,77.5558830898702,YES_SYNTHETIC
IN-02268,12.982626757350639,77.61219832589276,YES_SYNTHETIC
IN-02269,12.956899949448372,77.61768415596417,YES_SYNTHETIC
IN-02270,12.887914985122274,77.51215764741163,YES_SYNTHETIC
IN-02271,12.905965892071531,77.59821549960807,YES_SYNTHETIC
IN-02272,12.914398935739664,77.55125688069852,YES_SYNTHETIC
IN-02273,12.9516625672346,77.65697322480207,YES_SYNTHETIC
IN-02274,12.874372427182573,77.62447576404732,YES_SYNTHETIC
IN-02275,13.005375306208137,77.65433115607132,YES_SYNTHETIC
IN-02276,13.058150587812063,77.49862756978986,YES_SYNTHETIC
IN-02277,21.076556741102646,79.1654342588112,YES_SYNTHETIC
IN-02278,21.137503712437404,79.10111812778669,YES_SYNTHETIC
IN-02279,21.17840544074463,79.12401332089912,YES_SYNTHETIC
IN-02280,21.232148080663304,79.18758988348233,YES_SYNTHETIC
IN-02281,21.18983149218619,79.04564424184103,YES_SYNTHETIC
IN-02282,21.22175048045887,78.99804418290816,YES_SYNTHETIC
IN-02283,21.0920161705749,79.16767714349274,YES_SYNTHETIC
IN-02284,21.09703830288787,79.03233021192435,YES_SYNTHETIC
IN-02285,21.07342505862805,79.16002235152938,YES_SYNTHETIC
IN-02286,21.14581165183822,79.12317864061083,YES_SYNTHETIC
IN-02287,21.093613276815006,79.13980808420224,YES_SYNTHETIC
IN-02288,21.197801108992422,79.05071960498167,YES_SYNTHETIC
IN-02289,21.127936526602056,79.03013805548603,YES_SYNTHETIC
IN-02290,21.24111220466458,79.11732051541168,YES_SYNTHETIC
IN-02291,23.346808776143103,77.37327710872583,YES_SYNTHETIC
IN-02292,23.316278182599376,77.46577172877694,YES_SYNTHETIC
IN-02293,23.298231130373306,77.50572779505336,YES_SYNTHETIC
IN-02294,23.23861106722126,77.33874346471795,YES_SYNTHETIC
IN-02295,23.29424177184881,77.45846196009543,YES_SYNTHETIC
IN-02296,23.274912114691762,77.35396357862668,YES_SYNTHETIC
IN-02297,23.26079118833387,77.37503794731383,YES_SYNTHETIC
IN-02298,23.245393305633336,77.44164371516894,YES_SYNTHETIC
IN-02299,23.308942948538164,77.35904493818026,YES_SYNTHETIC
IN-02300,23.240965072129388,77.36643231419832,YES_SYNTHETIC
IN-02301,23.19962632277237,77.46927744399916,YES_SYNTHETIC
IN-02302,23.341750538887396,77.38664643713692,YES_SYNTHETIC
IN-02303,23.310155784874752,77.49199905787287,YES_SYNTHETIC
IN-02304,23.329124842106044,77.34916267770784,YES_SYNTHETIC
IN-02305,23.35115837630267,77.38793528808588,YES_SYNTHETIC
IN-02306,23.227748132234765,77.32508626545555,YES_SYNTHETIC
IN-02307,23.257134730820976,77.33440272312818,YES_SYNTHETIC
IN-02308,23.209607964185484,77.37598852435346,YES_SYNTHETIC
IN-02309,23.321665264698336,77.48769773007918,YES_SYNTHETIC
IN-02310,23.22039326349229,77.48433962424892,YES_SYNTHETIC
IN-02311,23.331346187473958,77.46553019007698,YES_SYNTHETIC
IN-02312,23.189239022803033,77.45066456938014,YES_SYNTHETIC
IN-02313,23.34890481291611,77.44910809575343,YES_SYNTHETIC
IN-02314,23.226223369821565,77.41271586348617,YES_SYNTHETIC
IN-02315,23.289045008670207,77.4147140817457,YES_SYNTHETIC
IN-02316,23.18389058834619,77.3750128089304,YES_SYNTHETIC
IN-02317,23.320379206110726,77.4848836092191,YES_SYNTHETIC
IN-02318,23.187360006543113,77.50307735047974,YES_SYNTHETIC
IN-02319,23.22566452356972,77.44506274774614,YES_SYNTHETIC
IN-02320,23.310265029191335,77.47498924692758,YES_SYNTHETIC
IN-02321,23.349049940445184,77.37518390960577,YES_SYNTHETIC
IN-02322,23.33160129091031,77.33893738068724,YES_SYNTHETIC
IN-02323,23.300908181270717,77.46099554590279,YES_SYNTHETIC
IN-02324,23.295444648240263,77.36306294722702,YES_SYNTHETIC
IN-02325,23.33450862940304,77.34637169267408,YES_SYNTHETIC
IN-02326,23.170626958304165,77.45609299812239,YES_SYNTHETIC
IN-02327,23.254995143046546,77.48241960399173,YES_SYNTHETIC
IN-02328,23.236579428211652,77.34625571770154,YES_SYNTHETIC
IN-02329,23.327188438493973,77.42238192632801,YES_SYNTHETIC
IN-02330,23.19773915847807,77.45667679971729,YES_SYNTHETIC
IN-02331,23.2621227276979,77.43346259644807,YES_SYNTHETIC
IN-02332,23.252079667641315,77.4783417967636,YES_SYNTHETIC
IN-02333,23.325812543136607,77.45447776436488,YES_SYNTHETIC
IN-02334,23.18098027547929,77.48037077238081,YES_SYNTHETIC
IN-02335,23.29410259610658,77.45200483320086,YES_SYNTHETIC
IN-02336,23.232496568080773,77.4884559112314,YES_SYNTHETIC
IN-02337,23.30497432004697,77.33511809330584,YES_SYNTHETIC
IN-02338,23.24145560688123,77.48987607239202,YES_SYNTHETIC
IN-02339,23.169339340339473,77.50488332392841,YES_SYNTHETIC
IN-02340,23.29573251366391,77.43887519552867,YES_SYNTHETIC
IN-02341,23.214011851297595,77.36235835774784,YES_SYNTHETIC
IN-02342,23.348311643897716,77.37225449084683,YES_SYNTHETIC
IN-02343,23.3150010593438,77.39122435964141,YES_SYNTHETIC
IN-02344,23.18775081415694,77.31474305953907,YES_SYNTHETIC
IN-02345,19.084851467403052,72.97285576370979,YES_SYNTHETIC
IN-02346,19.049827238761843,72.8491384667986,YES_SYNTHETIC
IN-02347,19.04481832356989,72.88180876746098,YES_SYNTHETIC
IN-02348,19.06413297668486,72.9536829253454,YES_SYNTHETIC
IN-02349,19.0771041583447,72.87925156763772,YES_SYNTHETIC
IN-02350,19.00367431894411,72.97424790818208,YES_SYNTHETIC
IN-02351,19.025994578173766,72.79237281349192,YES_SYNTHETIC
IN-02352,19.108629249795044,72.89677327403137,YES_SYNTHETIC
IN-02353,19.05902913079855,72.86213844677614,YES_SYNTHETIC
IN-02354,19.133012784209285,72.81684252801993,YES_SYNTHETIC
IN-02355,19.14005066378898,72.90744942277901,YES_SYNTHETIC
IN-02356,19.059793954755904,72.86930572331678,YES_SYNTHETIC
IN-02357,19.02732944143722,72.9281228665394,YES_SYNTHETIC
IN-02358,19.078574948461053,72.84187090854998,YES_SYNTHETIC
IN-02359,19.09521002315219,72.97684689041027,YES_SYNTHETIC
IN-02360,19.063052455931313,72.96183828015573,YES_SYNTHETIC
IN-02361,19.045003367984915,72.788646541385,YES_SYNTHETIC
IN-02362,19.016848421273686,72.86143902866554,YES_SYNTHETIC
IN-02363,19.019926985718914,72.77774540764365,YES_SYNTHETIC
IN-02364,19.159000307549505,72.94647588224619,YES_SYNTHETIC
IN-02365,19.12445844629739,72.8112629191292,YES_SYNTHETIC
IN-02366,19.000072715242,72.79122094989448,YES_SYNTHETIC
IN-02367,19.120805837754585,72.96346159213758,YES_SYNTHETIC
IN-02368,19.062107164182606,72.80152813439922,YES_SYNTHETIC
IN-02369,19.078478564146423,72.84746638149173,YES_SYNTHETIC
IN-02370,19.05096498487,72.90196612483115,YES_SYNTHETIC
IN-02371,19.11974362265244,72.79982071977463,YES_SYNTHETIC
IN-02372,18.983118046161295,72.97656606053715,YES_SYNTHETIC
IN-02373,19.02254566978311,72.7884661049817,YES_SYNTHETIC
IN-02374,19.013975065819185,72.7854915692697,YES_SYNTHETIC
IN-02375,19.054362178923434,72.93818035689027,YES_SYNTHETIC
IN-02376,19.044248889951543,72.86653668137568,YES_SYNTHETIC
IN-02377,19.11111735471349,72.87947881401398,YES_SYNTHETIC
IN-02378,19.148289137204266,72.95090713500916,YES_SYNTHETIC
IN-02379,18.97798213909823,72.93330926129664,YES_SYNTHETIC
IN-02380,19.068146720048336,72.97546810826074,YES_SYNTHETIC
IN-02381,21.142446415175087,79.18557918907766,YES_SYNTHETIC
IN-02382,21.196713872241148,79.03792097692266,YES_SYNTHETIC
IN-02383,21.153478995857395,79.18662712789572,YES_SYNTHETIC
IN-02384,21.217306121550386,79.00767337875824,YES_SYNTHETIC
IN-02385,21.187074399362,79.05731591717417,YES_SYNTHETIC
IN-02386,21.04719645237607,79.0688961938054,YES_SYNTHETIC
IN-02387,21.092750884344994,79.1519738541041,YES_SYNTHETIC
IN-02388,21.113266121769154,79.15370473879076,YES_SYNTHETIC
IN-02389,21.04591958776696,79.04976383000522,YES_SYNTHETIC
IN-02390,21.094033042861554,79.03491347221372,YES_SYNTHETIC
IN-02391,21.059437323953095,79.0256248540821,YES_SYNTHETIC
IN-02392,21.156909913977124,79.04647221456754,YES_SYNTHETIC
IN-02393,21.129278956465832,79.06357337606944,YES_SYNTHETIC
IN-02394,21.22098098499998,79.1692597998021,YES_SYNTHETIC
IN-02395,21.144391394331173,79.05423119006312,YES_SYNTHETIC
IN-02396,21.067160140800475,79.17888057587642,YES_SYNTHETIC
IN-02397,21.05784538898006,79.04773005551365,YES_SYNTHETIC
IN-02398,21.105413240234004,79.05228025722805,YES_SYNTHETIC
IN-02399,21.078657368654483,79.14483228618474,YES_SYNTHETIC
IN-02400,21.0702995723932,79.11518133183063,YES_SYNTHETIC
IN-02401,21.070569205341165,79.00230712751859,YES_SYNTHETIC
IN-02402,21.22768590073718,79.02622575326374,YES_SYNTHETIC
IN-02403,21.21005003091194,79.09712617422143,YES_SYNTHETIC
IN-02404,21.061371303921756,79.17928963828761,YES_SYNTHETIC
IN-02405,21.09519223339838,79.16012906907052,YES_SYNTHETIC
IN-02406,21.079562001156916,79.15898857642837,YES_SYNTHETIC
IN-02407,21.04844576258106,79.0905560913139,YES_SYNTHETIC
IN-02408,21.19968851588431,79.17515910349856,YES_SYNTHETIC
IN-02409,21.227640427241298,79.15212497390952,YES_SYNTHETIC
IN-02410,21.223438269932263,79.02804393716741,YES_SYNTHETIC
IN-02411,21.102636859142347,79.04599370498421,YES_SYNTHETIC
IN-02412,21.12121078620034,79.06686413407704,YES_SYNTHETIC
IN-02413,21.154711064930936,79.02017595267328,YES_SYNTHETIC
IN-02414,21.184049332757198,79.0217133078609,YES_SYNTHETIC
IN-02415,21.107861696420912,79.08886902612123,YES_SYNTHETIC
IN-02416,21.205088112304697,79.13609384664774,YES_SYNTHETIC
IN-02417,21.174906871282104,79.01935465211604,YES_SYNTHETIC
IN-02418,21.155209069123117,79.00568930035998,YES_SYNTHETIC
IN-02419,21.121272635359333,79.07090330605799,YES_SYNTHETIC
IN-02420,21.053762287889153,79.042997619894,YES_SYNTHETIC
IN-02421,21.2369298934533,79.17892652156594,YES_SYNTHETIC
IN-02422,21.11626541085051,78.99682002178966,YES_SYNTHETIC
IN-02423,21.08161898786564,79.0666435586867,YES_SYNTHETIC
IN-02424,21.23535593959385,79.01643981270743,YES_SYNTHETIC
IN-02425,21.198503168733644,79.00993650787494,YES_SYNTHETIC
IN-02426,21.242051515478256,79.06452329982183,YES_SYNTHETIC
IN-02427,21.200846907779813,79.05671821656223,YES_SYNTHETIC
IN-02428,21.171333775431762,79.026603216948,YES_SYNTHETIC
IN-02429,21.075004203859393,79.17581282791363,YES_SYNTHETIC
IN-02430,21.22932945558089,79.16569378804257,YES_SYNTHETIC
IN-02431,21.17088669003332,79.14985364224326,YES_SYNTHETIC
IN-02432,21.059607387382275,79.05515780837814,YES_SYNTHETIC
IN-02433,21.108540624951434,79.11532906439052,YES_SYNTHETIC
IN-02434,21.11699155469413,79.01790135632874,YES_SYNTHETIC
IN-02435,21.16509341508271,79.15107678413382,YES_SYNTHETIC
IN-02436,21.122224698891994,79.0146537430197,YES_SYNTHETIC
IN-02437,21.085137639462566,79.03569666103388,YES_SYNTHETIC
IN-02438,21.105779518598908,79.11675901410126,YES_SYNTHETIC
IN-02439,21.165989096907545,79.12741597231341,YES_SYNTHETIC
IN-02440,21.118300396906303,79.152999530376,YES_SYNTHETIC
IN-02441,21.086617532231152,79.08200814950364,YES_SYNTHETIC
IN-02442,21.20598774430829,79.02423172954653,YES_SYNTHETIC
IN-02443,21.06777262274816,79.16493679353759,YES_SYNTHETIC
IN-02444,21.11438593255184,79.12497402498181,YES_SYNTHETIC
IN-02445,21.050869720852788,79.12620937768189,YES_SYNTHETIC
IN-02446,21.109020262309397,78.99934817071748,YES_SYNTHETIC
IN-02447,21.167762552309625,79.03636076321463,YES_SYNTHETIC
IN-02448,21.12316144841038,79.0043161624573,YES_SYNTHETIC
IN-02449,21.07523265021899,79.04779544709918,YES_SYNTHETIC
IN-02450,21.06375190011203,79.17036525293726,YES_SYNTHETIC
IN-02451,21.047009408636796,79.08497204377286,YES_SYNTHETIC
IN-02452,21.070449491626512,79.0497358178956,YES_SYNTHETIC
IN-02453,21.231011911963655,79.02053891065479,YES_SYNTHETIC
IN-02454,21.23896646394367,79.02935887539789,YES_SYNTHETIC
IN-02455,21.194113221693367,79.09753545297946,YES_SYNTHETIC
IN-02456,26.989295745519353,75.79809865110063,YES_SYNTHETIC
IN-02457,26.919311843831263,75.72639160007368,YES_SYNTHETIC
IN-02458,26.845645872410334,75.8705978302231,YES_SYNTHETIC
IN-02459,26.87796763977001,75.76171645099258,YES_SYNTHETIC
IN-02460,26.96436473168568,75.75506469648457,YES_SYNTHETIC
IN-02461,27.002812489327802,75.83488555379977,YES_SYNTHETIC
IN-02462,26.931885848514685,75.86347903210896,YES_SYNTHETIC
IN-02463,26.8223211816699,75.73871253843784,YES_SYNTHETIC
IN-02464,26.905407266844183,75.73269570789431,YES_SYNTHETIC
IN-02465,26.96118103746043,75.87114160621074,YES_SYNTHETIC
IN-02466,26.897154023986186,75.75572652002238,YES_SYNTHETIC
IN-02467,27.004710146427517,75.77627048656551,YES_SYNTHETIC
IN-02468,26.91020968008986,75.75762997446839,YES_SYNTHETIC
IN-02469,26.99430969460243,75.80109109665638,YES_SYNTHETIC
IN-02470,26.96483491743633,75.84966134367018,YES_SYNTHETIC
IN-02471,26.88076980838345,75.77403886626408,YES_SYNTHETIC
IN-02472,26.982094354881255,75.75995107033516,YES_SYNTHETIC
IN-02473,26.971187026690373,75.87549846451489,YES_SYNTHETIC
IN-02474,26.937042074613604,75.83562545749038,YES_SYNTHETIC
IN-02475,26.973419462408227,75.85630792977933,YES_SYNTHETIC
IN-02476,26.89141066757136,75.6975526918352,YES_SYNTHETIC
IN-02477,26.89277525424735,75.82205124595681,YES_SYNTHETIC
IN-02478,26.90247007715616,75.83709263017208,YES_SYNTHETIC
IN-02479,26.883796485893736,75.81424882822081,YES_SYNTHETIC
IN-02480,26.849683960970797,75.83717388732899,YES_SYNTHETIC
IN-02481,26.921539193762605,75.72811287770932,YES_SYNTHETIC
IN-02482,26.870782234699565,75.83702174171637,YES_SYNTHETIC
IN-02483,26.908920247132304,75.73050628807862,YES_SYNTHETIC
IN-02484,27.00585423807406,75.83032500396338,YES_SYNTHETIC
IN-02485,27.00382696650796,75.77272100907207,YES_SYNTHETIC
IN-02486,26.907420068138347,75.866891043237,YES_SYNTHETIC
IN-02487,26.917409868049077,75.82875578238114,YES_SYNTHETIC
IN-02488,26.862834575499107,75.77664529374053,YES_SYNTHETIC
IN-02489,26.837089973162072,75.7284960071754,YES_SYNTHETIC
IN-02490,26.812588683053526,75.69515301032973,YES_SYNTHETIC
IN-02491,27.007856764635388,75.73577073902736,YES_SYNTHETIC
IN-02492,26.945062141900802,75.85511993975993,YES_SYNTHETIC
IN-02493,26.922532091847316,75.71792890001679,YES_SYNTHETIC
IN-02494,26.958023287467235,75.80735028201993,YES_SYNTHETIC
IN-02495,26.958650117869478,75.84124932457142,YES_SYNTHETIC
IN-02496,27.007482073536952,75.80201265600535,YES_SYNTHETIC
IN-02497,26.88072822253812,75.81699291138005,YES_SYNTHETIC
IN-02498,26.826088141848526,75.86677946366432,YES_SYNTHETIC
IN-02499,26.83627620226764,75.75286856757717,YES_SYNTHETIC
IN-02500,26.975549076125226,75.80676247566615,YES_SYNTHETIC
IN-02501,26.89112710405549,75.78198713187501,YES_SYNTHETIC
IN-02502,26.983309478640436,75.75530087721198,YES_SYNTHETIC
IN-02503,26.986329936962434,75.70492688619534,YES_SYNTHETIC
IN-02504,21.201159687441727,79.15770952661094,YES_SYNTHETIC
IN-02505,21.08216353056747,79.07426930647443,YES_SYNTHETIC
IN-02506,21.078899954932734,79.12952082579885,YES_SYNTHETIC
IN-02507,21.152869553612334,79.11526466934167,YES_SYNTHETIC
IN-02508,21.085097393391244,79.03054917241049,YES_SYNTHETIC
IN-02509,21.05409946510198,79.05261350703914,YES_SYNTHETIC
IN-02510,13.094648932266736,80.34228698279946,YES_SYNTHETIC
IN-02511,13.116085489491738,80.25777926467995,YES_SYNTHETIC
IN-02512,13.173324022878829,80.31454904011517,YES_SYNTHETIC
IN-02513,13.16873304057251,80.27621759465444,YES_SYNTHETIC
IN-02514,13.034480854958629,80.18126533727295,YES_SYNTHETIC
IN-02515,13.127916970296772,80.19496059960112,YES_SYNTHETIC
IN-02516,13.043255025654394,80.27719418157679,YES_SYNTHETIC
IN-02517,13.09558331755595,80.29081663939743,YES_SYNTHETIC
IN-02518,13.015951066069942,80.24664748096434,YES_SYNTHETIC
IN-02519,13.106138845423395,80.36466377292676,YES_SYNTHETIC
IN-02520,13.128226227539939,80.3552207514188,YES_SYNTHETIC
IN-02521,13.135142411662835,80.28904339377848,YES_SYNTHETIC
IN-02522,13.02110467382727,80.3040371303785,YES_SYNTHETIC
IN-02523,13.107375913191982,80.29119383409146,YES_SYNTHETIC
IN-02524,13.080657173597649,80.27643132079785,YES_SYNTHETIC
IN-02525,13.049588505423621,80.27456253852847,YES_SYNTHETIC
IN-02526,13.022211181135697,80.33173487947208,YES_SYNTHETIC
IN-02527,13.019855390939743,80.1876932579779,YES_SYNTHETIC
IN-02528,13.069949205271433,80.30236148790122,YES_SYNTHETIC
IN-02529,13.070243364986709,80.22605082639026,YES_SYNTHETIC
IN-02530,13.094334236778089,80.24010046708244,YES_SYNTHETIC
IN-02531,13.169273538025328,80.35522902792071,YES_SYNTHETIC
IN-02532,13.08317436399442,80.23627679880366,YES_SYNTHETIC
IN-02533,13.13012648279133,80.17804258869661,YES_SYNTHETIC
IN-02534,13.077653801208731,80.23796467885407,YES_SYNTHETIC
IN-02535,13.166807177020512,80.17310060545454,YES_SYNTHETIC
IN-02536,13.09326297514367,80.31883271621334,YES_SYNTHETIC
IN-02537,13.079703597504809,80.18778060603255,YES_SYNTHETIC
IN-02538,13.177192278005581,80.27430208627523,YES_SYNTHETIC
IN-02539,13.105537248863802,80.2180219565415,YES_SYNTHETIC
IN-02540,13.079399617021362,80.25652989839168,YES_SYNTHETIC
IN-02541,12.997679168400397,80.1919320707095,YES_SYNTHETIC
IN-02542,13.150194503923755,80.21866399044133,YES_SYNTHETIC
IN-02543,13.021691654299728,80.27168229025003,YES_SYNTHETIC
IN-02544,13.136449426272504,80.1830893037158,YES_SYNTHETIC
IN-02545,13.098061583927652,80.19454208856811,YES_SYNTHETIC
IN-02546,12.989992210165125,80.18124879043245,YES_SYNTHETIC
IN-02547,17.45183282164169,78.41029449672561,YES_SYNTHETIC
IN-02548,17.29403027288246,78.47427997742858,YES_SYNTHETIC
IN-02549,17.453798694388407,78.43918167529786,YES_SYNTHETIC
IN-02550,17.369342523505185,78.39468450651275,YES_SYNTHETIC
IN-02551,17.374815702826975,78.50222261612743,YES_SYNTHETIC
IN-02552,17.39918141075043,78.45318533843488,YES_SYNTHETIC
IN-02553,17.348106636132627,78.40802472378732,YES_SYNTHETIC
IN-02554,17.358359664129257,78.40659893377459,YES_SYNTHETIC
IN-02555,17.438319188942412,78.57995485954963,YES_SYNTHETIC
IN-02556,17.479014891333343,78.55971421987508,YES_SYNTHETIC
IN-02557,17.405158429867924,78.52687313944878,YES_SYNTHETIC
IN-02558,17.342041160536084,78.51285408403453,YES_SYNTHETIC
IN-02559,17.376129909887975,78.48310346795539,YES_SYNTHETIC
IN-02560,17.436555312075033,78.44308367111945,YES_SYNTHETIC
IN-02561,17.348607922338907,78.57162835822572,YES_SYNTHETIC
IN-02562,17.296244858970194,78.48382685968267,YES_SYNTHETIC
IN-02563,17.467560160081575,78.50877260156363,YES_SYNTHETIC
IN-02564,17.39428141484243,78.43664883584587,YES_SYNTHETIC
IN-02565,17.35365509781289,78.55710968316093,YES_SYNTHETIC
IN-02566,17.396843626353693,78.48964843875136,YES_SYNTHETIC
IN-02567,17.304915942708007,78.38990563129103,YES_SYNTHETIC
IN-02568,17.477737037737413,78.46209723345737,YES_SYNTHETIC
IN-02569,17.405642612419904,78.40264301463746,YES_SYNTHETIC
IN-02570,17.421622857144612,78.5732133417412,YES_SYNTHETIC
IN-02571,17.400133050599486,78.41192306447508,YES_SYNTHETIC
IN-02572,17.401344305494696,78.53996944262093,YES_SYNTHETIC
IN-02573,17.366283307314806,78.5626675495883,YES_SYNTHETIC
IN-02574,17.414736590671474,78.56654978365783,YES_SYNTHETIC
IN-02575,17.409701062249468,78.41295759440096,YES_SYNTHETIC
IN-02576,17.34693834222104,78.42705898965049,YES_SYNTHETIC
IN-02577,17.466765299543376,78.5387800134575,YES_SYNTHETIC
IN-02578,17.420279673782,78.44689326392633,YES_SYNTHETIC
IN-02579,17.321808954410045,78.53799021759778,YES_SYNTHETIC
IN-02580,21.14063158917582,79.03335791043013,YES_SYNTHETIC
IN-02581,21.169124395633055,78.9962667704277,YES_SYNTHETIC
IN-02582,21.11103405082565,79.08191139891822,YES_SYNTHETIC
IN-02583,21.075391666821883,79.18513089551817,YES_SYNTHETIC
IN-02584,21.087619472917925,79.01427062600865,YES_SYNTHETIC
IN-02585,21.08650697477738,79.14201222663195,YES_SYNTHETIC
IN-02586,21.13090113185437,79.10128318795051,YES_SYNTHETIC
IN-02587,21.050001831397275,78.99508626171466,YES_SYNTHETIC
IN-02588,26.8358651099654,81.00953104864033,YES_SYNTHETIC
IN-02589,26.92374777574151,80.86354131351914,YES_SYNTHETIC
IN-02590,26.854372620420204,81.02884593725585,YES_SYNTHETIC
IN-02591,26.824294550879575,81.01211316628567,YES_SYNTHETIC
IN-02592,26.773439130879886,81.03327889793357,YES_SYNTHETIC
IN-02593,26.89698466350626,81.03446687855738,YES_SYNTHETIC
IN-02594,26.882023446710498,80.9188807863999,YES_SYNTHETIC
IN-02595,26.934336234504944,80.90131335526183,YES_SYNTHETIC
IN-02596,26.813134504412346,80.98636168360035,YES_SYNTHETIC
IN-02597,26.899763259905075,81.03208069676984,YES_SYNTHETIC
IN-02598,26.78766048181124,81.00579960704385,YES_SYNTHETIC
IN-02599,26.89440921067939,80.85895891125072,YES_SYNTHETIC
IN-02600,26.82414462824204,80.90275309141202,YES_SYNTHETIC
IN-02601,26.807598084870804,81.04278937591094,YES_SYNTHETIC
IN-02602,26.875255482695984,80.98973523155871,YES_SYNTHETIC
IN-02603,26.942023527463,80.92164035649154,YES_SYNTHETIC
IN-02604,26.90706803369056,80.9331061926609,YES_SYNTHETIC
IN-02605,26.920606734362995,80.88233150826227,YES_SYNTHETIC
IN-02606,26.936237235412854,80.88995434168218,YES_SYNTHETIC
IN-02607,26.811944101396186,80.99743844682136,YES_SYNTHETIC
IN-02608,26.82545102831308,80.96784227535329,YES_SYNTHETIC
IN-02609,26.835614700213885,80.99467398741795,YES_SYNTHETIC
IN-02610,26.79236625047372,80.85789159744738,YES_SYNTHETIC
IN-02611,26.806685879494612,80.9410617329737,YES_SYNTHETIC
IN-02612,26.780304010438535,80.91715945793128,YES_SYNTHETIC
IN-02613,26.82669660365871,80.85767836873767,YES_SYNTHETIC
IN-02614,26.86336144963684,81.02306868559427,YES_SYNTHETIC
IN-02615,26.77704858259061,80.9657616026803,YES_SYNTHETIC
IN-02616,26.879647840982166,80.93006693608386,YES_SYNTHETIC
IN-02617,26.88691951747285,80.92834630869821,YES_SYNTHETIC
IN-02618,26.847627457595486,80.84767060891089,YES_SYNTHETIC
IN-02619,26.885044022826936,80.97846853578895,YES_SYNTHETIC
IN-02620,26.75438017546527,80.91985002147904,YES_SYNTHETIC
IN-02621,26.94250636815833,80.93034731251373,YES_SYNTHETIC
IN-02622,26.84708908102637,81.02818603163195,YES_SYNTHETIC
IN-02623,26.890152375173148,80.96261402622486,YES_SYNTHETIC
IN-02624,26.906260936268215,81.0190732532912,YES_SYNTHETIC
IN-02625,26.83807761434745,80.94122167298637,YES_SYNTHETIC
IN-02626,26.823910187130366,81.0395412280037,YES_SYNTHETIC
IN-02627,26.88613325085807,80.86284461324162,YES_SYNTHETIC
IN-02628,26.919291924662602,80.94231198816726,YES_SYNTHETIC
IN-02629,26.760450781284497,80.95614345103267,YES_SYNTHETIC
IN-02630,26.83013285579514,81.02174988097254,YES_SYNTHETIC
IN-02631,26.787498920721877,81.01149292189844,YES_SYNTHETIC
IN-02632,26.85823773823709,80.8571220606427,YES_SYNTHETIC
IN-02633,26.941069060265097,80.94872304882064,YES_SYNTHETIC
IN-02634,26.804875370846315,80.94008136839786,YES_SYNTHETIC
IN-02635,26.918271556703495,80.90718062487701,YES_SYNTHETIC
IN-02636,26.78523527929734,80.87201424938618,YES_SYNTHETIC
IN-02637,26.80627187967804,81.00220961740801,YES_SYNTHETIC
IN-02638,26.84102527303905,80.89169632073872,YES_SYNTHETIC
IN-02639,26.779936999921947,80.91274589530208,YES_SYNTHETIC
IN-02640,26.93468487457714,80.91480534251801,YES_SYNTHETIC
IN-02641,26.944324815190924,80.94324609115307,YES_SYNTHETIC
IN-02642,26.782532783658027,81.0244280183587,YES_SYNTHETIC
IN-02643,26.838771074626965,80.9881342687009,YES_SYNTHETIC
IN-02644,26.94344231664183,80.856235070064,YES_SYNTHETIC
IN-02645,26.766038911957512,80.99029134829256,YES_SYNTHETIC
IN-02646,26.803065000659092,80.88306027939002,YES_SYNTHETIC
IN-02647,26.754572375963946,80.85056934239725,YES_SYNTHETIC
IN-02648,26.901597120623958,80.87308668547391,YES_SYNTHETIC
IN-02649,26.84024412319423,80.9673793630359,YES_SYNTHETIC
IN-02650,26.832370360113767,80.85162133046725,YES_SYNTHETIC
IN-02651,26.903400300517582,80.84830264490833,YES_SYNTHETIC
IN-02652,26.899077978875496,81.02486089875762,YES_SYNTHETIC
IN-02653,26.83326798421143,80.95330849461956,YES_SYNTHETIC
IN-02654,26.84209667852353,80.9240417237247,YES_SYNTHETIC
IN-02655,26.92418490707407,81.024986702134,YES_SYNTHETIC
IN-02656,26.813863272928305,80.96921395080294,YES_SYNTHETIC
IN-02657,26.93208151242917,81.03861169978828,YES_SYNTHETIC
IN-02658,26.848491808084407,80.93676496105687,YES_SYNTHETIC
IN-02659,26.802438863185703,81.03797437463808,YES_SYNTHETIC
IN-02660,26.77526286089457,80.96216591520955,YES_SYNTHETIC
IN-02661,26.803210053503726,80.90200165806957,YES_SYNTHETIC
IN-02662,21.126793717475238,79.18795858716314,YES_SYNTHETIC
IN-02663,21.056793261367964,79.10390836364071,YES_SYNTHETIC
IN-02664,21.062314431607057,79.0191041659981,YES_SYNTHETIC
IN-02665,21.13371258835458,79.09029202626928,YES_SYNTHETIC
IN-02666,21.097558481672905,79.05149142617488,YES_SYNTHETIC
IN-02667,21.063193404051187,79.04884395676885,YES_SYNTHETIC
IN-02668,21.23911168787611,79.1771414763345,YES_SYNTHETIC
IN-02669,21.1127756580274,79.10237078725575,YES_SYNTHETIC
IN-02670,21.22771907822219,78.98943676452818,YES_SYNTHETIC
IN-02671,21.207936714067518,79.17787391055778,YES_SYNTHETIC
IN-02672,21.064065146866714,79.02048953720659,YES_SYNTHETIC
IN-02673,21.237949260554274,79.09570802872807,YES_SYNTHETIC
IN-02674,21.048639326894346,79.03972639975271,YES_SYNTHETIC
IN-02675,22.562588734853772,88.40248178220496,YES_SYNTHETIC
IN-02676,22.619232075627362,88.4629843025851,YES_SYNTHETIC
IN-02677,22.530102239876754,88.37154402037369,YES_SYNTHETIC
IN-02678,22.579264709571923,88.34502905188945,YES_SYNTHETIC
IN-02679,22.506432378768487,88.45939131263677,YES_SYNTHETIC
IN-02680,22.643263437333317,88.36356660565885,YES_SYNTHETIC
IN-02681,22.593249084536808,88.30935221071194,YES_SYNTHETIC
IN-02682,22.58135741407835,88.4028940266243,YES_SYNTHETIC
IN-02683,22.57563340567732,88.46195703411699,YES_SYNTHETIC
IN-02684,22.594868331249547,88.33809474251844,YES_SYNTHETIC
IN-02685,22.62703040552317,88.29799250231633,YES_SYNTHETIC
IN-02686,22.549503162741253,88.33329179007552,YES_SYNTHETIC
IN-02687,22.558961419021557,88.42025596518575,YES_SYNTHETIC
IN-02688,22.569434606432683,88.42270289005319,YES_SYNTHETIC
IN-02689,22.587897780627973,88.33231388693152,YES_SYNTHETIC
IN-02690,22.634595748736697,88.31155793411062,YES_SYNTHETIC
IN-02691,22.51747659595996,88.36480058481096,YES_SYNTHETIC
IN-02692,22.52476984919242,88.26571740699025,YES_SYNTHETIC
IN-02693,22.602259505459763,88.36611876429448,YES_SYNTHETIC
IN-02694,22.561703562898632,88.45729370292366,YES_SYNTHETIC
IN-02695,22.586839836792585,88.43658631555788,YES_SYNTHETIC
IN-02696,22.500490047241033,88.37774129262588,YES_SYNTHETIC
IN-02697,28.68749592534618,77.22562115145598,YES_SYNTHETIC
IN-02698,28.6575028356254,77.18340871356244,YES_SYNTHETIC
IN-02699,28.532389903407413,77.20058005902541,YES_SYNTHETIC
IN-02700,28.592795878167774,77.28241203647579,YES_SYNTHETIC
IN-02701,28.562699060470496,77.30234684550703,YES_SYNTHETIC
IN-02702,28.7055276239609,77.15852632861429,YES_SYNTHETIC
IN-02703,28.583510391095466,77.28811114817478,YES_SYNTHETIC
IN-02704,28.70722444417922,77.19768782056721,YES_SYNTHETIC
IN-02705,28.578099409128182,77.21421880265031,YES_SYNTHETIC
IN-02706,28.65145384127315,77.163694903075,YES_SYNTHETIC
IN-02707,28.661194634923817,77.11933147142292,YES_SYNTHETIC
IN-02708,21.055658898552885,79.0654575410291,YES_SYNTHETIC
IN-02709,21.116494638412146,79.05132664307344,YES_SYNTHETIC
IN-02710,21.144003952533783,79.05234671646231,YES_SYNTHETIC
IN-02711,21.084251583693618,79.05009390981772,YES_SYNTHETIC
IN-02712,21.240780854562047,79.07042268339897,YES_SYNTHETIC
IN-02713,21.13474255537167,79.10350899799023,YES_SYNTHETIC
IN-02714,21.242468153682847,79.03652025528716,YES_SYNTHETIC
IN-02715,21.182056422106488,79.13139693870835,YES_SYNTHETIC
IN-02716,21.167264883358616,79.00591566792733,YES_SYNTHETIC
IN-02717,21.181174455165518,79.00101894220724,YES_SYNTHETIC
IN-02718,21.165028529909982,79.13611623544435,YES_SYNTHETIC
IN-02719,21.08799397812399,79.15652440150855,YES_SYNTHETIC
IN-02720,21.051870761106603,79.15696257273166,YES_SYNTHETIC
IN-02721,21.137865810128556,79.03171758798634,YES_SYNTHETIC
IN-02722,21.072555628998796,79.17886143351647,YES_SYNTHETIC
IN-02723,21.060333117516233,79.02801868398718,YES_SYNTHETIC
IN-02724,21.11536446948661,79.11224696979222,YES_SYNTHETIC
IN-02725,21.15476021705522,79.01332869848247,YES_SYNTHETIC
IN-02726,21.103745596747643,79.0359503542172,YES_SYNTHETIC
IN-02727,21.08850857089807,79.070428867296,YES_SYNTHETIC
IN-02728,21.186606290518334,79.03169058644345,YES_SYNTHETIC
IN-02729,21.1191357759406,79.06638348536823,YES_SYNTHETIC
IN-02730,21.241091305887082,79.17913327137582,YES_SYNTHETIC
IN-02731,21.205827516550418,79.03653178416384,YES_SYNTHETIC
IN-02732,21.059407462818335,79.05158082754413,YES_SYNTHETIC
IN-02733,21.099158909886768,79.08938516002928,YES_SYNTHETIC
IN-02734,21.20134558201356,79.15986458777577,YES_SYNTHETIC
IN-02735,21.214772817082103,79.06013511224461,YES_SYNTHETIC
IN-02736,21.183246868692137,79.05076683950485,YES_SYNTHETIC
IN-02737,21.057981108647038,79.12851305312059,YES_SYNTHETIC
IN-02738,21.04776551051396,79.0700365174917,YES_SYNTHETIC
IN-02739,21.111675853860415,79.12687550770377,YES_SYNTHETIC
IN-02740,21.199049094552077,79.04901892719425,YES_SYNTHETIC
IN-02741,21.20812540288897,79.04698335210098,YES_SYNTHETIC
IN-02742,21.135065271997313,79.13360370540283,YES_SYNTHETIC
IN-02743,21.184384045844958,79.18567369446244,YES_SYNTHETIC
IN-02744,21.09083220484319,79.12066358270792,YES_SYNTHETIC
IN-02745,21.167736381655157,79.17121969089801,YES_SYNTHETIC
IN-02746,21.077072428328975,79.13855963271739,YES_SYNTHETIC
IN-02747,21.159453723253755,79.04313317395759,YES_SYNTHETIC
IN-02748,21.140686982829436,79.05495531941396,YES_SYNTHETIC
IN-02749,21.161662680557694,79.16600012216293,YES_SYNTHETIC
IN-02750,21.15966099688244,79.11454448366531,YES_SYNTHETIC
IN-02751,16.509949569422943,80.55823310128909,YES_SYNTHETIC
IN-02752,16.45277171137522,80.6464003458864,YES_SYNTHETIC
IN-02753,16.46824705674894,80.58435271955223,YES_SYNTHETIC
IN-02754,16.507026568383687,80.61256195868957,YES_SYNTHETIC
IN-02755,16.457821528634682,80.64079708348807,YES_SYNTHETIC
IN-02756,16.432856851616435,80.73354914661508,YES_SYNTHETIC
IN-02757,16.579740419583846,80.6895241171481,YES_SYNTHETIC
IN-02758,16.42744276551769,80.70317545089394,YES_SYNTHETIC
IN-02759,16.567791465621802,80.70155292354286,YES_SYNTHETIC
IN-02760,16.42899317742385,80.67678159141354,YES_SYNTHETIC
IN-02761,16.573064959149878,80.66347068024393,YES_SYNTHETIC
IN-02762,16.535481475045618,80.63967269588525,YES_SYNTHETIC
IN-02763,16.51194146397681,80.55487537167033,YES_SYNTHETIC
IN-02764,16.53399260439466,80.56428944257823,YES_SYNTHETIC
IN-02765,16.493202918868043,80.60653101953348,YES_SYNTHETIC
IN-02766,16.515285590042343,80.57468326710463,YES_SYNTHETIC
IN-02767,16.544528680394663,80.7070023073857,YES_SYNTHETIC
IN-02768,16.43887088994863,80.56886261747037,YES_SYNTHETIC
IN-02769,16.435303096557472,80.72342551237969,YES_SYNTHETIC
IN-02770,16.51183785235127,80.6414521992015,YES_SYNTHETIC
IN-02771,16.42754236382047,80.67791120135139,YES_SYNTHETIC
IN-02772,16.579799918379017,80.71363717386468,YES_SYNTHETIC
IN-02773,16.53141094179616,80.56305574333032,YES_SYNTHETIC
IN-02774,16.4286794054352,80.55786179742196,YES_SYNTHETIC
IN-02775,21.097295843298497,79.01533229343208,YES_SYNTHETIC
IN-02776,21.09780960805049,79.0652116111438,YES_SYNTHETIC
IN-02777,21.23439655681423,79.11027521195633,YES_SYNTHETIC
IN-02778,21.212794757136592,79.13027030014247,YES_SYNTHETIC
IN-02779,21.068300626105327,79.1353840812748,YES_SYNTHETIC
IN-02780,21.100819776311827,79.11602156939894,YES_SYNTHETIC
IN-02781,21.113992394728598,79.18773445265293,YES_SYNTHETIC
IN-02782,21.098510295899356,79.04402609415486,YES_SYNTHETIC
IN-02783,21.23193445111248,78.99312888092726,YES_SYNTHETIC
IN-02784,21.18513779757464,79.13326527814718,YES_SYNTHETIC
IN-02785,21.21307571548208,79.18308786212769,YES_SYNTHETIC
IN-02786,21.24092038383133,79.0012553515133,YES_SYNTHETIC
IN-02787,21.21016786455058,79.11746198673147,YES_SYNTHETIC
IN-02788,21.17526842687462,79.01386998532294,YES_SYNTHETIC
IN-02789,21.175837433289132,79.18469651612025,YES_SYNTHETIC
IN-02790,21.22816371390789,79.07602613216098,YES_SYNTHETIC
IN-02791,21.05378959465722,79.06065869800004,YES_SYNTHETIC
IN-02792,21.211078062320112,79.12849982029303,YES_SYNTHETIC
IN-02793,21.137668731118794,78.99922030703176,YES_SYNTHETIC
IN-02794,21.131178945564663,79.08200498794358,YES_SYNTHETIC
IN-02795,21.23151110657883,79.11641722071643,YES_SYNTHETIC
IN-02796,21.10813058333093,79.09326365289014,YES_SYNTHETIC
IN-02797,21.059011061564433,79.18271364712994,YES_SYNTHETIC
IN-02798,21.117811980386147,79.08377347098262,YES_SYNTHETIC
IN-02799,21.116856794847386,79.12470234602324,YES_SYNTHETIC
IN-02800,21.17824643166592,79.13126446210583,YES_SYNTHETIC
IN-02801,26.098128645922387,91.69933369623281,YES_SYNTHETIC
IN-02802,26.069550246219244,91.76730199436922,YES_SYNTHETIC
IN-02803,26.05245942546713,91.75573646710468,YES_SYNTHETIC
IN-02804,26.218439176970328,91.81436642965792,YES_SYNTHETIC
IN-02805,26.13430755207399,91.72806073764261,YES_SYNTHETIC
IN-02806,26.059893836601603,91.77035300508861,YES_SYNTHETIC
IN-02807,26.20875188407457,91.68513101092094,YES_SYNTHETIC
IN-02808,26.128760176326672,91.80396786735305,YES_SYNTHETIC
IN-02809,26.21992409353246,91.68483599605284,YES_SYNTHETIC
IN-02810,26.154614126908275,91.67469863012717,YES_SYNTHETIC
IN-02811,26.064875752827913,91.81842410027839,YES_SYNTHETIC
IN-02812,26.208601500846424,91.78820698036063,YES_SYNTHETIC
IN-02813,26.05425326376263,91.80494575854205,YES_SYNTHETIC
IN-02814,26.132108815181077,91.70467902465917,YES_SYNTHETIC
IN-02815,26.153795272205077,91.6544706485447,YES_SYNTHETIC
IN-02816,26.19582930987048,91.75268701537766,YES_SYNTHETIC
IN-02817,26.081818019374634,91.6738464399538,YES_SYNTHETIC
IN-02818,26.081349730314535,91.64760047751038,YES_SYNTHETIC
IN-02819,26.162059689874336,91.8042696355177,YES_SYNTHETIC
IN-02820,26.04799964279748,91.64600092899425,YES_SYNTHETIC
IN-02821,26.15905405533739,91.80009913707721,YES_SYNTHETIC
IN-02822,26.10984777811373,91.70612287976154,YES_SYNTHETIC
IN-02823,26.163769299499357,91.69104257782483,YES_SYNTHETIC
IN-02824,26.049821673215536,91.78324570362031,YES_SYNTHETIC
IN-02825,26.16962998258829,91.75235119981113,YES_SYNTHETIC
IN-02826,26.192836825798366,91.7712461675124,YES_SYNTHETIC
IN-02827,26.085676397635666,91.70669620938867,YES_SYNTHETIC
IN-02828,26.069722028335725,91.66217140268357,YES_SYNTHETIC
IN-02829,26.17973914927131,91.8079200213965,YES_SYNTHETIC
IN-02830,26.237046516772228,91.76186942350988,YES_SYNTHETIC
IN-02831,26.081320264672193,91.65733006908978,YES_SYNTHETIC
IN-02832,26.207070194307352,91.751951295272,YES_SYNTHETIC
IN-02833,26.168157004202744,91.79249241775094,YES_SYNTHETIC
IN-02834,25.634755445546492,85.20449165057123,YES_SYNTHETIC
IN-02835,25.505342781091976,85.1871041273493,YES_SYNTHETIC
IN-02836,25.66427055146442,85.09482700849166,YES_SYNTHETIC
IN-02837,25.62218945479865,85.1004324127674,YES_SYNTHETIC
IN-02838,25.685694213296493,85.0442847144871,YES_SYNTHETIC
IN-02839,25.610058568766593,85.07090070940991,YES_SYNTHETIC
IN-02840,25.63654404103543,85.07277805668375,YES_SYNTHETIC
IN-02841,25.541176652379672,85.13647416220915,YES_SYNTHETIC
IN-02842,25.677066989999375,85.0799428744296,YES_SYNTHETIC
IN-02843,25.522948004223622,85.18939536637082,YES_SYNTHETIC
IN-02844,25.594223906466787,85.21995702247636,YES_SYNTHETIC
IN-02845,25.523422911431968,85.16678557860462,YES_SYNTHETIC
IN-02846,25.540675829230363,85.06895208573033,YES_SYNTHETIC
IN-02847,25.630785883031454,85.15633692398175,YES_SYNTHETIC
IN-02848,25.64506549167247,85.09949251528924,YES_SYNTHETIC
IN-02849,25.58369433127644,85.11869433526608,YES_SYNTHETIC
IN-02850,25.690917892793305,85.09604979134788,YES_SYNTHETIC
IN-02851,25.553063447669356,85.10850964176572,YES_SYNTHETIC
IN-02852,25.607018816258066,85.08806454885276,YES_SYNTHETIC
IN-02853,25.677157988075855,85.09073711297326,YES_SYNTHETIC
IN-02854,25.67326314631204,85.05829501272932,YES_SYNTHETIC
IN-02855,25.625412540479932,85.21899710368766,YES_SYNTHETIC
IN-02856,25.527849887679647,85.23126539201986,YES_SYNTHETIC
IN-02857,25.584676672083102,85.22674302168821,YES_SYNTHETIC
IN-02858,25.62946400872601,85.09791737397471,YES_SYNTHETIC
IN-02859,25.53176050498342,85.09834700924503,YES_SYNTHETIC
IN-02860,25.512703481852537,85.06637359326868,YES_SYNTHETIC
IN-02861,25.515032088069297,85.12218870874831,YES_SYNTHETIC
IN-02862,25.65321567525152,85.06587671084327,YES_SYNTHETIC
IN-02863,25.52016408663447,85.16628578990347,YES_SYNTHETIC
IN-02864,25.533536596393613,85.0571220076218,YES_SYNTHETIC
IN-02865,25.527469715641118,85.22234627917535,YES_SYNTHETIC
IN-02866,25.65839425055524,85.10841291247102,YES_SYNTHETIC
IN-02867,25.62526415346548,85.14505513473361,YES_SYNTHETIC
IN-02868,25.629524852696512,85.17413423049256,YES_SYNTHETIC
IN-02869,25.619846803012,85.09082027370746,YES_SYNTHETIC
IN-02870,25.501901284152563,85.12871335639802,YES_SYNTHETIC
IN-02871,25.67229477693814,85.15149945170373,YES_SYNTHETIC
IN-02872,21.212278208340383,79.18652486859224,YES_SYNTHETIC
IN-02873,21.078523240827657,79.1265555278284,YES_SYNTHETIC
IN-02874,21.180658714740005,79.18419108947165,YES_SYNTHETIC
IN-02875,21.24292014679056,79.12553572234482,YES_SYNTHETIC
IN-02876,21.09452295839644,79.14791116762612,YES_SYNTHETIC
IN-02877,21.06720582684221,79.14433986083432,YES_SYNTHETIC
IN-02878,21.22783922482894,79.06476667895369,YES_SYNTHETIC
IN-02879,21.171927058996616,79.07422854641936,YES_SYNTHETIC
IN-02880,21.133353010997627,79.05027417782162,YES_SYNTHETIC
IN-02881,21.198225924090067,79.1754353128333,YES_SYNTHETIC
IN-02882,21.233950171846892,79.02315625697499,YES_SYNTHETIC
IN-02883,21.220748729931316,79.13568628828543,YES_SYNTHETIC
IN-02884,21.09636748013806,79.0016569225843,YES_SYNTHETIC
IN-02885,21.099399453376876,79.1706416473563,YES_SYNTHETIC
IN-02886,21.172435734979157,79.13241093217958,YES_SYNTHETIC
IN-02887,21.09723047022182,79.13207763111497,YES_SYNTHETIC
IN-02888,21.051424301255587,79.0632642691546,YES_SYNTHETIC
IN-02889,21.171150669708467,79.01741931310826,YES_SYNTHETIC
IN-02890,21.21040071488939,79.03520625976239,YES_SYNTHETIC
IN-02891,21.17625622256369,79.06923942851506,YES_SYNTHETIC
IN-02892,21.165008719095532,79.00969011052578,YES_SYNTHETIC
IN-02893,21.049182559984324,79.17011288547606,YES_SYNTHETIC
IN-02894,21.09972600175344,79.15213540055609,YES_SYNTHETIC
IN-02895,21.24567006009444,79.03048625159978,YES_SYNTHETIC
IN-02896,21.098834148236673,79.12077195752693,YES_SYNTHETIC
IN-02897,21.238889726920124,79.17136286963814,YES_SYNTHETIC
IN-02898,21.146375104013117,79.14722205650534,YES_SYNTHETIC
IN-02899,21.07294917061998,79.1836876368408,YES_SYNTHETIC
IN-02900,21.238670646807197,79.02094579157584,YES_SYNTHETIC
IN-02901,21.105684624960624,79.00823099950135,YES_SYNTHETIC
IN-02902,21.100143519779635,79.15139115788304,YES_SYNTHETIC
IN-02903,21.121463121433052,79.00587939342935,YES_SYNTHETIC
IN-02904,21.11424510495578,79.18447666684825,YES_SYNTHETIC
IN-02905,21.171736719051843,79.07143218928123,YES_SYNTHETIC
IN-02906,22.955807702699456,72.66863535945673,YES_SYNTHETIC
IN-02907,23.086669801852626,72.52769546049018,YES_SYNTHETIC
IN-02908,22.93651373914424,72.4827251114755,YES_SYNTHETIC
IN-02909,22.94657562990111,72.58755371672288,YES_SYNTHETIC
IN-02910,23.108252684241098,72.57074868560119,YES_SYNTHETIC
IN-02911,23.091089096491242,72.56057732397196,YES_SYNTHETIC
IN-02912,23.064216709153566,72.6177745474573,YES_SYNTHETIC
IN-02913,22.95729274118067,72.54364321179516,YES_SYNTHETIC
IN-02914,23.049960431307607,72.48553932163686,YES_SYNTHETIC
IN-02915,22.99480803755259,72.57835989325623,YES_SYNTHETIC
IN-02916,23.121744898608927,72.56630671252448,YES_SYNTHETIC
IN-02917,23.085711351422866,72.55781345701332,YES_SYNTHETIC
IN-02918,23.08177814452394,72.59048296032402,YES_SYNTHETIC
IN-02919,23.09981908830048,72.55358851047002,YES_SYNTHETIC
IN-02920,23.043360883964297,72.59740373612377,YES_SYNTHETIC
IN-02921,23.005976588360095,72.5002624087375,YES_SYNTHETIC
IN-02922,22.94121188138247,72.47473431011993,YES_SYNTHETIC
IN-02923,23.097206852849045,72.51869498244774,YES_SYNTHETIC
IN-02924,22.964801349856355,72.61860708008521,YES_SYNTHETIC
IN-02925,22.98650322261748,72.57260893848236,YES_SYNTHETIC
IN-02926,22.95500221305949,72.6633491442924,YES_SYNTHETIC
IN-02927,23.092816280003447,72.644157924593,YES_SYNTHETIC
IN-02928,23.003854749714403,72.62387224274143,YES_SYNTHETIC
IN-02929,22.951275231077958,72.47312380051835,YES_SYNTHETIC
IN-02930,22.926494586515606,72.58872034748092,YES_SYNTHETIC
IN-02931,23.01357898104959,72.5750030697817,YES_SYNTHETIC
IN-02932,22.923992628083443,72.55593732393149,YES_SYNTHETIC
IN-02933,23.066113632240175,72.55993874039349,YES_SYNTHETIC
IN-02934,23.068943841262445,72.51800379287937,YES_SYNTHETIC
IN-02935,23.085128400896345,72.58908624809068,YES_SYNTHETIC
IN-02936,22.96465261988598,72.51874409517076,YES_SYNTHETIC
IN-02937,23.04810609291391,72.63738791864249,YES_SYNTHETIC
IN-02938,23.005625556405832,72.52306008582552,YES_SYNTHETIC
IN-02939,21.21920232138212,79.12205365835017,YES_SYNTHETIC
IN-02940,21.135417097456617,79.08578003905586,YES_SYNTHETIC
IN-02941,21.08665129358728,79.11356052601298,YES_SYNTHETIC
IN-02942,21.11754850210858,79.18732903533487,YES_SYNTHETIC
IN-02943,21.14183670305238,79.08537712123793,YES_SYNTHETIC
IN-02944,21.158970357482136,79.17155120062375,YES_SYNTHETIC
IN-02945,21.20596361997195,79.07842601395957,YES_SYNTHETIC
IN-02946,21.18953985319456,79.10544709975615,YES_SYNTHETIC
IN-02947,21.14427340974025,79.02666315455687,YES_SYNTHETIC
IN-02948,21.13858725269098,79.03736371740452,YES_SYNTHETIC
IN-02949,21.228768429970334,79.05528136269928,YES_SYNTHETIC
IN-02950,21.236252802906677,79.09481105801895,YES_SYNTHETIC
IN-02951,21.172108875735233,79.09678808889787,YES_SYNTHETIC
IN-02952,21.071676123393342,79.06336424380159,YES_SYNTHETIC
IN-02953,21.065629222455527,79.11279080883668,YES_SYNTHETIC
IN-02954,21.13517483904009,79.14379699431419,YES_SYNTHETIC
IN-02955,21.089894096199874,79.02111321168587,YES_SYNTHETIC
IN-02956,21.127066446192753,79.17351707664368,YES_SYNTHETIC
IN-02957,21.187884363002485,79.07198472495858,YES_SYNTHETIC
IN-02958,21.149254433950862,79.00504260223542,YES_SYNTHETIC
IN-02959,21.242715179275223,79.12148146093898,YES_SYNTHETIC
IN-02960,21.102880813692686,79.10536167884305,YES_SYNTHETIC
IN-02961,21.0676964732138,79.18136733376151,YES_SYNTHETIC
IN-02962,21.080756997576675,79.11780606361104,YES_SYNTHETIC
IN-02963,21.094890892507788,79.13171227652971,YES_SYNTHETIC
IN-02964,21.201164273448057,79.12288394578229,YES_SYNTHETIC
IN-02965,21.16869989205104,79.1666938187904,YES_SYNTHETIC
IN-02966,21.061525342197953,79.05438295315604,YES_SYNTHETIC
IN-02967,21.09545749592617,79.18580279241309,YES_SYNTHETIC
IN-02968,21.123677955933378,79.13472253984808,YES_SYNTHETIC
IN-02969,21.182745032776204,79.03061624749547,YES_SYNTHETIC
IN-02970,21.093599536042312,79.0444569127106,YES_SYNTHETIC
IN-02971,21.128025455651876,79.03506501313011,YES_SYNTHETIC
IN-02972,21.04973029654937,79.16407861136143,YES_SYNTHETIC
IN-02973,21.238921966276177,79.05651407740632,YES_SYNTHETIC
IN-02974,21.113501375885097,78.98961836255488,YES_SYNTHETIC
IN-02975,21.181850137666075,79.15328797914972,YES_SYNTHETIC
IN-02976,21.075121660072003,79.02013326987343,YES_SYNTHETIC
IN-02977,21.203816649994288,79.11145814967082,YES_SYNTHETIC
IN-02978,21.054772111525544,79.11270939809246,YES_SYNTHETIC
IN-02979,21.107583544568755,79.06194503109417,YES_SYNTHETIC
IN-02980,21.199746283659376,79.15038703853452,YES_SYNTHETIC
IN-02981,21.125871325367967,79.17763058720128,YES_SYNTHETIC
IN-02982,21.127092543590415,79.14256720704603,YES_SYNTHETIC
IN-02983,21.142575452912855,79.16770646530442,YES_SYNTHETIC
IN-02984,21.227352248730035,79.00568336157421,YES_SYNTHETIC
IN-02985,21.233098666262045,79.15330696830408,YES_SYNTHETIC
IN-02986,21.204062142862533,79.0283822679371,YES_SYNTHETIC
IN-02987,21.206823841750936,79.158226546937,YES_SYNTHETIC
IN-02988,21.103630066890833,79.17865201567247,YES_SYNTHETIC
IN-02989,21.055772029279833,79.01818185064943,YES_SYNTHETIC
IN-02990,21.153316227610304,79.10335849422447,YES_SYNTHETIC
IN-02991,21.17483001666018,78.99159382586309,YES_SYNTHETIC
IN-02992,21.237873354924428,78.99711761854682,YES_SYNTHETIC
IN-02993,21.074412390544683,78.9910029035052,YES_SYNTHETIC
IN-02994,21.15917168665882,79.17465337678419,YES_SYNTHETIC
IN-02995,21.178989433216096,79.15273149369608,YES_SYNTHETIC
IN-02996,21.048456240691717,79.09660305969595,YES_SYNTHETIC
IN-02997,12.963512595501104,77.59439358884416,YES_SYNTHETIC
IN-02998,12.886042637067039,77.63148707221386,YES_SYNTHETIC
IN-02999,12.972244082971727,77.64762976997226,YES_SYNTHETIC
IN-03000,12.968658126812343,77.52447632724528,YES_SYNTHETIC
IN-03001,13.001251390815565,77.52907727242103,YES_SYNTHETIC
IN-03002,13.046078912670964,77.61722324781385,YES_SYNTHETIC
IN-03003,12.903040776711391,77.68706761149625,YES_SYNTHETIC
IN-03004,12.975273092667065,77.50917969037432,YES_SYNTHETIC
IN-03005,12.996966580883013,77.54523978140256,YES_SYNTHETIC
IN-03006,13.032338690375461,77.65816441471324,YES_SYNTHETIC
IN-03007,13.067389471170932,77.5949739062049,YES_SYNTHETIC
IN-03008,12.962591375945548,77.64529512108929,YES_SYNTHETIC
IN-03009,12.898094131268385,77.60398310275862,YES_SYNTHETIC
IN-03010,12.98084952002617,77.51249462456208,YES_SYNTHETIC
IN-03011,12.955196817101383,77.66525695971345,YES_SYNTHETIC
IN-03012,13.042830724398932,77.51444753298394,YES_SYNTHETIC
IN-03013,12.889744176549566,77.54713909540038,YES_SYNTHETIC
IN-03014,13.0465532125108,77.5203805170147,YES_SYNTHETIC
IN-03015,13.01559936052549,77.51483312392261,YES_SYNTHETIC
IN-03016,12.996227570749566,77.56581345982383,YES_SYNTHETIC
IN-03017,13.029382792593173,77.54133808976508,YES_SYNTHETIC
IN-03018,12.999440365877993,77.54173650691517,YES_SYNTHETIC
IN-03019,13.01433205662243,77.66933560691216,YES_SYNTHETIC
IN-03020,12.896960359825352,77.6679191377191,YES_SYNTHETIC
IN-03021,12.99031505088286,77.5200220981734,YES_SYNTHETIC
IN-03022,12.957108371071943,77.52677205869702,YES_SYNTHETIC
IN-03023,13.011669577773315,77.64637362688359,YES_SYNTHETIC
IN-03024,12.892759304054561,77.59582797053893,YES_SYNTHETIC
IN-03025,13.034525011205185,77.6818326083102,YES_SYNTHETIC
IN-03026,12.974303573348354,77.68465584472229,YES_SYNTHETIC
IN-03027,21.15293779409121,79.06703809891998,YES_SYNTHETIC
IN-03028,21.21544062571058,79.08679654209162,YES_SYNTHETIC
IN-03029,21.140180502112905,79.08626249788196,YES_SYNTHETIC
IN-03030,21.21515700037395,79.15458830833761,YES_SYNTHETIC
IN-03031,21.126503998488044,79.05485997197411,YES_SYNTHETIC
IN-03032,21.144185604807827,79.10275450194742,YES_SYNTHETIC
IN-03033,21.0934674421256,79.14699101694312,YES_SYNTHETIC
IN-03034,21.143096553146485,79.055009109684,YES_SYNTHETIC
IN-03035,21.0671641985928,79.03596903208073,YES_SYNTHETIC
IN-03036,21.235656234351197,79.0492199373639,YES_SYNTHETIC
IN-03037,21.079571857873407,79.080334558331,YES_SYNTHETIC
IN-03038,21.10721754867205,78.99523185005424,YES_SYNTHETIC
IN-03039,21.110429043455884,79.0970217247879,YES_SYNTHETIC
IN-03040,21.156142474403996,79.05951178423538,YES_SYNTHETIC
IN-03041,23.24936055125052,77.50570358364695,YES_SYNTHETIC
IN-03042,23.23536969544606,77.364245362652,YES_SYNTHETIC
IN-03043,23.20859340881335,77.40415292254083,YES_SYNTHETIC
IN-03044,23.31180402974339,77.3537976368377,YES_SYNTHETIC
IN-03045,23.301759225428153,77.31682996466988,YES_SYNTHETIC
IN-03046,23.243686595596788,77.46777301304056,YES_SYNTHETIC
IN-03047,23.227646591154883,77.42534742028907,YES_SYNTHETIC
IN-03048,23.20089584656518,77.46099907822523,YES_SYNTHETIC
IN-03049,23.17035582065375,77.4831085289751,YES_SYNTHETIC
IN-03050,23.19953927728433,77.48747960634167,YES_SYNTHETIC
IN-03051,23.2304058482601,77.4571367148949,YES_SYNTHETIC
IN-03052,23.223745059557235,77.49378233424693,YES_SYNTHETIC
IN-03053,23.185227425103673,77.34830395785451,YES_SYNTHETIC
IN-03054,23.25850602503176,77.32898768780763,YES_SYNTHETIC
IN-03055,23.19909603694035,77.5013532764424,YES_SYNTHETIC
IN-03056,23.355197932229576,77.38785186586608,YES_SYNTHETIC
IN-03057,23.344557204202786,77.42156493513468,YES_SYNTHETIC
IN-03058,23.21384849317475,77.45307974421611,YES_SYNTHETIC
IN-03059,23.29168036131497,77.51042506382174,YES_SYNTHETIC
IN-03060,23.212909457481857,77.44701190053235,YES_SYNTHETIC
IN-03061,23.170304751005887,77.33532920773933,YES_SYNTHETIC
IN-03062,23.160683674990217,77.51249213621193,YES_SYNTHETIC
IN-03063,23.320354739429494,77.46994460294671,YES_SYNTHETIC
IN-03064,23.261845215057633,77.37261341658109,YES_SYNTHETIC
IN-03065,23.190152856892535,77.3695349477693,YES_SYNTHETIC
IN-03066,23.235094244385827,77.46386201939606,YES_SYNTHETIC
IN-03067,23.26783235778063,77.3280967253111,YES_SYNTHETIC
IN-03068,23.163505801791782,77.33306643590682,YES_SYNTHETIC
IN-03069,23.241999742739473,77.4992385834098,YES_SYNTHETIC
IN-03070,23.28738049624184,77.4729651799751,YES_SYNTHETIC
IN-03071,23.253174918900907,77.38493321663901,YES_SYNTHETIC
IN-03072,23.181580074543323,77.48778660443723,YES_SYNTHETIC
IN-03073,23.31653200580558,77.34622361951955,YES_SYNTHETIC
IN-03074,23.26235211277525,77.41007496158424,YES_SYNTHETIC
IN-03075,23.284918310537304,77.50183737879826,YES_SYNTHETIC
IN-03076,23.275854288352495,77.42064345335572,YES_SYNTHETIC
IN-03077,23.169964586586932,77.32518149520361,YES_SYNTHETIC
IN-03078,23.197369358265355,77.31909415433834,YES_SYNTHETIC
IN-03079,23.308570579114,77.45726606079879,YES_SYNTHETIC
IN-03080,23.187111246886328,77.47981578015906,YES_SYNTHETIC
IN-03081,23.19085720696922,77.37283511739948,YES_SYNTHETIC
IN-03082,23.209695379832272,77.38706141971461,YES_SYNTHETIC
IN-03083,23.21083275317799,77.41039018528768,YES_SYNTHETIC
IN-03084,23.241381576270935,77.50991389815586,YES_SYNTHETIC
IN-03085,23.171085270025642,77.34103627527747,YES_SYNTHETIC
IN-03086,23.17046517878172,77.43776823899647,YES_SYNTHETIC
IN-03087,23.170801855482743,77.47988794747522,YES_SYNTHETIC
IN-03088,23.262287726136385,77.4180015249163,YES_SYNTHETIC
IN-03089,23.272218901542438,77.34676274126124,YES_SYNTHETIC
IN-03090,23.199438060622896,77.3763634645746,YES_SYNTHETIC
IN-03091,23.278599283164368,77.35462355518804,YES_SYNTHETIC
IN-03092,23.18316634542665,77.50662337728369,YES_SYNTHETIC
IN-03093,23.164296362961924,77.47313948106721,YES_SYNTHETIC
IN-03094,23.317507029915003,77.37204282276902,YES_SYNTHETIC
IN-03095,19.003125323201463,72.80682572934109,YES_SYNTHETIC
IN-03096,19.11548632344744,72.90626131821723,YES_SYNTHETIC
IN-03097,19.13254913485028,72.96519623447982,YES_SYNTHETIC
IN-03098,19.114385472653318,72.80887030731029,YES_SYNTHETIC
IN-03099,19.02468852335308,72.94613874617463,YES_SYNTHETIC
IN-03100,19.017861215166842,72.7922044633909,YES_SYNTHETIC
IN-03101,19.116656010808452,72.85820527109803,YES_SYNTHETIC
IN-03102,19.16000801050918,72.90775101421873,YES_SYNTHETIC
IN-03103,18.994083795558332,72.96727131345074,YES_SYNTHETIC
IN-03104,19.02771145272805,72.84514249808126,YES_SYNTHETIC
IN-03105,19.05645208273671,72.78794485928087,YES_SYNTHETIC
IN-03106,19.075303084446123,72.80236369821506,YES_SYNTHETIC
IN-03107,19.05619406533767,72.84784195759842,YES_SYNTHETIC
IN-03108,19.130568016685302,72.93833410232655,YES_SYNTHETIC
IN-03109,19.006682576477818,72.85101023747585,YES_SYNTHETIC
IN-03110,19.050670632206366,72.80798208878723,YES_SYNTHETIC
IN-03111,19.13569070101024,72.91914566566709,YES_SYNTHETIC
IN-03112,19.01407635725941,72.85104438171876,YES_SYNTHETIC
IN-03113,18.997161004971304,72.90334131941862,YES_SYNTHETIC
IN-03114,19.000274384909723,72.974886833725,YES_SYNTHETIC
IN-03115,19.132136414937573,72.8557477099168,YES_SYNTHETIC
IN-03116,19.091712786455872,72.95996836324329,YES_SYNTHETIC
IN-03117,19.086819856079167,72.8125996972796,YES_SYNTHETIC
IN-03118,19.05174067111623,72.94632897300595,YES_SYNTHETIC
IN-03119,19.104842603197923,72.90784487686676,YES_SYNTHETIC
IN-03120,19.149364297137698,72.9564946114925,YES_SYNTHETIC
IN-03121,19.15995851435589,72.79666983865063,YES_SYNTHETIC
IN-03122,19.084825200392622,72.92580190424367,YES_SYNTHETIC
IN-03123,19.127385369025404,72.89904324039401,YES_SYNTHETIC
IN-03124,19.009357467036736,72.93718411078834,YES_SYNTHETIC
IN-03125,19.12002226670299,72.79492715430982,YES_SYNTHETIC
IN-03126,19.068761964934875,72.81249547990437,YES_SYNTHETIC
IN-03127,19.043495409142594,72.78131621844115,YES_SYNTHETIC
IN-03128,19.056065973682152,72.88767538423124,YES_SYNTHETIC
IN-03129,19.09991651856542,72.91039806902575,YES_SYNTHETIC
IN-03130,19.143258262620492,72.82079258145515,YES_SYNTHETIC
IN-03131,21.069896364487693,79.15850743437959,YES_SYNTHETIC
IN-03132,21.07712256297853,79.18315201626724,YES_SYNTHETIC
IN-03133,21.214307645879728,79.08837532117792,YES_SYNTHETIC
IN-03134,21.242084284984408,79.0076753458216,YES_SYNTHETIC
IN-03135,21.10641315223502,79.11584488300812,YES_SYNTHETIC
IN-03136,21.115801373694637,79.17387451039616,YES_SYNTHETIC
IN-03137,21.058925217635565,79.0980823664122,YES_SYNTHETIC
IN-03138,21.163973253479025,79.11874562475545,YES_SYNTHETIC
IN-03139,21.096933244666364,79.06111328550398,YES_SYNTHETIC
IN-03140,21.214536105932996,79.02718855379403,YES_SYNTHETIC
IN-03141,21.211173569434674,79.10073108458054,YES_SYNTHETIC
IN-03142,21.19823750223882,79.1309214732527,YES_SYNTHETIC
IN-03143,21.087302299076978,79.10196254728677,YES_SYNTHETIC
IN-03144,21.219344630561018,79.07462324736039,YES_SYNTHETIC
IN-03145,21.239118154044665,79.07864302002035,YES_SYNTHETIC
IN-03146,21.074357127333577,79.06608693601554,YES_SYNTHETIC
IN-03147,21.23614048127811,79.05214416986797,YES_SYNTHETIC
IN-03148,21.219419631973413,79.16445013633638,YES_SYNTHETIC
IN-03149,21.115837304866393,79.00485153161013,YES_SYNTHETIC
IN-03150,21.190711581831764,79.0505024598028,YES_SYNTHETIC
IN-03151,21.202384722851516,79.07673096965209,YES_SYNTHETIC
IN-03152,21.142853348468524,79.14378188134971,YES_SYNTHETIC
IN-03153,21.12227266621233,79.07682546906459,YES_SYNTHETIC
IN-03154,21.121038093753924,79.06166810305545,YES_SYNTHETIC
IN-03155,21.150989315380293,79.14995988890023,YES_SYNTHETIC
IN-03156,21.118153662384515,79.09305094410755,YES_SYNTHETIC
IN-03157,21.179945465088522,79.04208788926073,YES_SYNTHETIC
IN-03158,21.10130456098048,79.17488262540469,YES_SYNTHETIC
IN-03159,21.19050691466622,79.10363733524466,YES_SYNTHETIC
IN-03160,21.175344010884125,78.99405988862068,YES_SYNTHETIC
IN-03161,21.169420593112342,79.09010177464484,YES_SYNTHETIC
IN-03162,21.154949935955887,79.06008476536617,YES_SYNTHETIC
IN-03163,21.06209477954259,79.02686784672241,YES_SYNTHETIC
IN-03164,21.235948942642537,79.06993991245419,YES_SYNTHETIC
IN-03165,21.139136631166174,78.9987419579707,YES_SYNTHETIC
IN-03166,21.053313245908797,79.13163628940936,YES_SYNTHETIC
IN-03167,21.153418932824223,79.08994119684326,YES_SYNTHETIC
IN-03168,21.094424906084534,79.13715014632598,YES_SYNTHETIC
IN-03169,21.0794473158217,79.0261869487322,YES_SYNTHETIC
IN-03170,21.137942434269657,79.04545597242239,YES_SYNTHETIC
IN-03171,21.09529259624663,79.11724752891067,YES_SYNTHETIC
IN-03172,21.17599434904371,79.15310341395998,YES_SYNTHETIC
IN-03173,21.129341713394595,79.00281701820523,YES_SYNTHETIC
IN-03174,21.100533276984294,79.18420109263937,YES_SYNTHETIC
IN-03175,21.16505171504654,79.1301474169602,YES_SYNTHETIC
IN-03176,21.047271565925083,79.09184114643651,YES_SYNTHETIC
IN-03177,21.053305731506363,79.1020460424183,YES_SYNTHETIC
IN-03178,21.229954169927215,79.18188382610008,YES_SYNTHETIC
IN-03179,21.153910535077785,79.07984096105045,YES_SYNTHETIC
IN-03180,21.2348034188497,79.12292196639935,YES_SYNTHETIC
IN-03181,21.058779855907684,79.0813451155335,YES_SYNTHETIC
IN-03182,21.093849003692863,79.08216086428973,YES_SYNTHETIC
IN-03183,21.136893114401275,79.10462896056295,YES_SYNTHETIC
IN-03184,21.11715409806985,79.02105408989118,YES_SYNTHETIC
IN-03185,21.146543886917993,79.15424057686916,YES_SYNTHETIC
IN-03186,21.17860244561352,79.05587357318504,YES_SYNTHETIC
IN-03187,21.232904604551774,79.17064151424984,YES_SYNTHETIC
IN-03188,21.08766967987682,78.99608351702408,YES_SYNTHETIC
IN-03189,21.194061741670154,79.15372205226983,YES_SYNTHETIC
IN-03190,21.239372913190273,79.16616727881767,YES_SYNTHETIC
IN-03191,21.165906953641283,79.09421046784247,YES_SYNTHETIC
IN-03192,21.05136821025252,79.03753128936896,YES_SYNTHETIC
IN-03193,21.137722950346586,79.11390078001672,YES_SYNTHETIC
IN-03194,21.157250366663682,79.13672719793634,YES_SYNTHETIC
IN-03195,21.10175338617741,79.1011905215305,YES_SYNTHETIC
IN-03196,21.06342844867816,79.07093310471664,YES_SYNTHETIC
IN-03197,21.19583216659092,79.12688017068581,YES_SYNTHETIC
IN-03198,21.243928547434436,79.04377822519756,YES_SYNTHETIC
IN-03199,21.145437859834797,79.0541060827548,YES_SYNTHETIC
IN-03200,21.133920622811836,79.15959002597388,YES_SYNTHETIC
IN-03201,21.182641815037698,79.16468823826952,YES_SYNTHETIC
IN-03202,21.08650222166638,79.16287222356829,YES_SYNTHETIC
IN-03203,21.05775245483568,79.16591985608743,YES_SYNTHETIC
IN-03204,21.11161475589215,79.05111752668282,YES_SYNTHETIC
IN-03205,21.148217715339733,79.17633803754465,YES_SYNTHETIC
IN-03206,26.821956272936283,75.75774619501415,YES_SYNTHETIC
IN-03207,26.98371439773667,75.7665108954871,YES_SYNTHETIC
IN-03208,26.852231379519417,75.77225883626629,YES_SYNTHETIC
IN-03209,26.889510500298336,75.87038324029334,YES_SYNTHETIC
IN-03210,26.964786875148622,75.7883231111488,YES_SYNTHETIC
IN-03211,27.010074113344317,75.78035550625519,YES_SYNTHETIC
IN-03212,26.824047566164058,75.739754864363,YES_SYNTHETIC
IN-03213,26.899614096043866,75.71868052482922,YES_SYNTHETIC
IN-03214,27.00191302526481,75.84066977956356,YES_SYNTHETIC
IN-03215,26.866057440085555,75.80546090670359,YES_SYNTHETIC
IN-03216,26.956689831421915,75.87555578578136,YES_SYNTHETIC
IN-03217,26.988727069835083,75.79033844522765,YES_SYNTHETIC
IN-03218,26.967330523958605,75.79972895076551,YES_SYNTHETIC
IN-03219,26.92294077800911,75.71024839166763,YES_SYNTHETIC
IN-03220,26.837627531603232,75.79320672300449,YES_SYNTHETIC
IN-03221,26.866172308995804,75.6915073804921,YES_SYNTHETIC
IN-03222,26.956967840780045,75.69379731933803,YES_SYNTHETIC
IN-03223,26.931455368220814,75.79513875882546,YES_SYNTHETIC
IN-03224,27.006162938115562,75.78414262786953,YES_SYNTHETIC
IN-03225,26.82512028727556,75.79763759356129,YES_SYNTHETIC
IN-03226,26.98061923412322,75.88666985685629,YES_SYNTHETIC
IN-03227,26.898468634737817,75.75135974849935,YES_SYNTHETIC
IN-03228,26.9937306593904,75.72554842581522,YES_SYNTHETIC
IN-03229,26.935485783006587,75.76844288483619,YES_SYNTHETIC
IN-03230,26.820616472991112,75.75675769486114,YES_SYNTHETIC
IN-03231,26.865445704500537,75.8245182307887,YES_SYNTHETIC
IN-03232,27.002158099538384,75.74090943747574,YES_SYNTHETIC
IN-03233,26.974693187830336,75.69837196338769,YES_SYNTHETIC
IN-03234,26.920024202007966,75.70141001274197,YES_SYNTHETIC
IN-03235,26.99920659822613,75.84057025611148,YES_SYNTHETIC
IN-03236,26.94398998224092,75.85207927632493,YES_SYNTHETIC
IN-03237,26.941903959114033,75.88108887943486,YES_SYNTHETIC
IN-03238,26.955191589572955,75.87223172191645,YES_SYNTHETIC
IN-03239,26.91582637840213,75.71071288259637,YES_SYNTHETIC
IN-03240,26.918035544284606,75.71267456561262,YES_SYNTHETIC
IN-03241,26.930898695835282,75.78379861210553,YES_SYNTHETIC
IN-03242,26.936915079566557,75.68930939621097,YES_SYNTHETIC
IN-03243,26.851368098331076,75.78556608638243,YES_SYNTHETIC
IN-03244,27.00250071231783,75.76402180807104,YES_SYNTHETIC
IN-03245,26.89727440521073,75.83023921780132,YES_SYNTHETIC
IN-03246,26.933158551457225,75.74708523001966,YES_SYNTHETIC
IN-03247,26.894563279113488,75.73083995977144,YES_SYNTHETIC
IN-03248,27.005604291826042,75.71342687631147,YES_SYNTHETIC
IN-03249,26.886767356913285,75.692467794444,YES_SYNTHETIC
IN-03250,26.856755898386712,75.84339422767603,YES_SYNTHETIC
IN-03251,26.852635046457777,75.70331268050579,YES_SYNTHETIC
IN-03252,26.907290635968906,75.68929384694691,YES_SYNTHETIC
IN-03253,26.829353230885268,75.8488251739126,YES_SYNTHETIC
IN-03254,21.20009466897192,79.17122776408098,YES_SYNTHETIC
IN-03255,21.21670308718215,79.12483511264796,YES_SYNTHETIC
IN-03256,21.056266571460135,79.14476972359734,YES_SYNTHETIC
IN-03257,21.214902162168112,79.1480164291544,YES_SYNTHETIC
IN-03258,21.147495807061606,79.0347803677299,YES_SYNTHETIC
IN-03259,21.214865995137746,79.13363256194803,YES_SYNTHETIC
IN-03260,13.178852234877771,80.20183851955119,YES_SYNTHETIC
IN-03261,13.027832916610413,80.2130596299763,YES_SYNTHETIC
IN-03262,13.141207953524269,80.20808145929003,YES_SYNTHETIC
IN-03263,12.996031965964661,80.37041216131713,YES_SYNTHETIC
IN-03264,12.987663442289032,80.33774881203178,YES_SYNTHETIC
IN-03265,13.055773368310131,80.33902309195157,YES_SYNTHETIC
IN-03266,13.09362409824223,80.35102624589727,YES_SYNTHETIC
IN-03267,13.167938597282927,80.17251963625615,YES_SYNTHETIC
IN-03268,12.997782435198559,80.22077174591418,YES_SYNTHETIC
IN-03269,13.116563083272702,80.34835443930231,YES_SYNTHETIC
IN-03270,13.074688390258794,80.29209462325485,YES_SYNTHETIC
IN-03271,13.020399970559113,80.33169336677634,YES_SYNTHETIC
IN-03272,13.176165622270695,80.22441978658293,YES_SYNTHETIC
IN-03273,13.08166519032011,80.18792322210128,YES_SYNTHETIC
IN-03274,13.094527331292594,80.27125668836933,YES_SYNTHETIC
IN-03275,13.011587296831017,80.25911324262363,YES_SYNTHETIC
IN-03276,13.049520930417314,80.27506617506104,YES_SYNTHETIC
IN-03277,13.09983086708576,80.17239911572145,YES_SYNTHETIC
IN-03278,13.134901196589912,80.31330285837235,YES_SYNTHETIC
IN-03279,13.055957277241305,80.18128718711377,YES_SYNTHETIC
IN-03280,13.13368650795701,80.36173503209564,YES_SYNTHETIC
IN-03281,13.030730319204404,80.2354049227474,YES_SYNTHETIC
IN-03282,13.019462577896364,80.28608722466898,YES_SYNTHETIC
IN-03283,13.013668278929492,80.24193878869228,YES_SYNTHETIC
IN-03284,13.122102602786853,80.28272319660188,YES_SYNTHETIC
IN-03285,13.059992512865588,80.25474992036152,YES_SYNTHETIC
IN-03286,13.095122176524647,80.17187294557743,YES_SYNTHETIC
IN-03287,12.998401973690722,80.3469516135526,YES_SYNTHETIC
IN-03288,12.998275797818259,80.31206071924211,YES_SYNTHETIC
IN-03289,13.166707632821812,80.22483672086035,YES_SYNTHETIC
IN-03290,13.056798287411905,80.28448428116894,YES_SYNTHETIC
IN-03291,13.159041793927718,80.35908111745209,YES_SYNTHETIC
IN-03292,13.130612649622254,80.18802395217094,YES_SYNTHETIC
IN-03293,13.11653083110697,80.25276074437454,YES_SYNTHETIC
IN-03294,13.076840199898212,80.18052967806904,YES_SYNTHETIC
IN-03295,13.020912427869273,80.32880272150673,YES_SYNTHETIC
IN-03296,13.073491766609573,80.23103244832623,YES_SYNTHETIC
IN-03297,17.361803814792992,78.55757990266514,YES_SYNTHETIC
IN-03298,17.434799803480992,78.44116307943622,YES_SYNTHETIC
IN-03299,17.308500368042477,78.43709964432881,YES_SYNTHETIC
IN-03300,17.46915129021095,78.50301776756994,YES_SYNTHETIC
IN-03301,17.391696041748958,78.5059787199385,YES_SYNTHETIC
IN-03302,17.358205653149305,78.5481214040639,YES_SYNTHETIC
IN-03303,17.38965724986005,78.41004958055376,YES_SYNTHETIC
IN-03304,17.310813024965814,78.49407182930052,YES_SYNTHETIC
IN-03305,17.47231404361417,78.44837042433524,YES_SYNTHETIC
IN-03306,17.458908233771844,78.53951911731578,YES_SYNTHETIC
IN-03307,17.334562488581383,78.39396814966325,YES_SYNTHETIC
IN-03308,17.30536945302848,78.53239878676949,YES_SYNTHETIC
IN-03309,17.32493394760813,78.46095418410108,YES_SYNTHETIC
IN-03310,17.385339833201286,78.53179363369003,YES_SYNTHETIC
IN-03311,17.307646244651828,78.46797328105549,YES_SYNTHETIC
IN-03312,17.38201458182854,78.49486541279431,YES_SYNTHETIC
IN-03313,17.448672128279046,78.42103563900864,YES_SYNTHETIC
IN-03314,17.446566290365325,78.52527568553933,YES_SYNTHETIC
IN-03315,17.39617416283979,78.52660557408052,YES_SYNTHETIC
IN-03316,17.36740354779033,78.41437951719362,YES_SYNTHETIC
IN-03317,17.418153048053075,78.49163446133713,YES_SYNTHETIC
IN-03318,17.412874960108557,78.4542997562057,YES_SYNTHETIC
IN-03319,17.46637331546797,78.50417397371511,YES_SYNTHETIC
IN-03320,17.302080496858178,78.47666079814088,YES_SYNTHETIC
IN-03321,17.43627121094873,78.54552691234646,YES_SYNTHETIC
IN-03322,17.383919410552753,78.56564951416625,YES_SYNTHETIC
IN-03323,17.33853368743886,78.46881973944765,YES_SYNTHETIC
IN-03324,17.464719382113795,78.56595134329432,YES_SYNTHETIC
IN-03325,17.42214255376494,78.55849610942444,YES_SYNTHETIC
IN-03326,17.302754653391247,78.55969899524156,YES_SYNTHETIC
IN-03327,17.349123981310047,78.42236630248564,YES_SYNTHETIC
IN-03328,17.332873967268412,78.47029370160277,YES_SYNTHETIC
IN-03329,17.335238400920893,78.4508135172033,YES_SYNTHETIC
IN-03330,21.072795697214328,79.0474353531118,YES_SYNTHETIC
IN-03331,21.1602567629084,79.07657074161821,YES_SYNTHETIC
IN-03332,21.115143752247185,79.13749042577142,YES_SYNTHETIC
IN-03333,21.224501994278665,79.13955784458048,YES_SYNTHETIC
IN-03334,21.112200140423536,79.13708843356751,YES_SYNTHETIC
IN-03335,21.07619603649481,79.01426359761825,YES_SYNTHETIC
IN-03336,21.114925407407235,79.1497404738088,YES_SYNTHETIC
IN-03337,21.09506964944846,79.00085068177974,YES_SYNTHETIC
IN-03338,26.773041907041268,81.01794899370591,YES_SYNTHETIC
IN-03339,26.873456656949458,80.896840232674,YES_SYNTHETIC
IN-03340,26.857759165065634,80.95171592448507,YES_SYNTHETIC
IN-03341,26.877787195688132,80.89283751088433,YES_SYNTHETIC
IN-03342,26.919580597438877,80.90807371241601,YES_SYNTHETIC
IN-03343,26.885526330795244,80.84942492927445,YES_SYNTHETIC
IN-03344,26.821231425978826,80.91654196359177,YES_SYNTHETIC
IN-03345,26.8553968857166,80.86074725235544,YES_SYNTHETIC
IN-03346,26.90472627474522,80.88975616035351,YES_SYNTHETIC
IN-03347,26.8821075629764,81.00684242464882,YES_SYNTHETIC
IN-03348,26.8590753912483,80.9943766413444,YES_SYNTHETIC
IN-03349,26.879072062443,80.91730595943041,YES_SYNTHETIC
IN-03350,26.90847170780671,80.90514027397711,YES_SYNTHETIC
IN-03351,26.8609425835503,80.99527954782832,YES_SYNTHETIC
IN-03352,26.8224911819625,80.90675352152348,YES_SYNTHETIC
IN-03353,26.838569202034563,81.00979269886983,YES_SYNTHETIC
IN-03354,26.93268435262913,80.95521668257199,YES_SYNTHETIC
IN-03355,26.87899324106473,81.02685472444779,YES_SYNTHETIC
IN-03356,26.766409370282588,80.89261571557324,YES_SYNTHETIC
IN-03357,26.888480001250315,81.01094889238246,YES_SYNTHETIC
IN-03358,26.918105805666116,80.92922143537099,YES_SYNTHETIC
IN-03359,26.764567980458374,80.93375629545993,YES_SYNTHETIC
IN-03360,26.79284691804141,80.90443929099933,YES_SYNTHETIC
IN-03361,26.9011535113675,80.86130541720519,YES_SYNTHETIC
IN-03362,26.91221624349614,80.93173381716484,YES_SYNTHETIC
IN-03363,26.865912786220118,80.86413044624715,YES_SYNTHETIC
IN-03364,26.814171815671454,80.86414018380297,YES_SYNTHETIC
IN-03365,26.93900874457622,81.00765232986525,YES_SYNTHETIC
IN-03366,26.83862655087129,80.89092050966474,YES_SYNTHETIC
IN-03367,26.933391021049967,80.9151193191454,YES_SYNTHETIC
IN-03368,26.778896886337474,80.9588328776908,YES_SYNTHETIC
IN-03369,26.935454824068962,80.84696605810007,YES_SYNTHETIC
IN-03370,26.7943249686508,81.03388952808209,YES_SYNTHETIC
IN-03371,26.78091719337143,80.86884869032797,YES_SYNTHETIC
IN-03372,26.86073744315996,81.01856876465897,YES_SYNTHETIC
IN-03373,26.842121963538784,81.04511285133691,YES_SYNTHETIC
IN-03374,26.882534339907597,80.8610149814421,YES_SYNTHETIC
IN-03375,26.945266426336392,80.92777884735604,YES_SYNTHETIC
IN-03376,26.804180506769097,80.95777583671558,YES_SYNTHETIC
IN-03377,26.80756151836417,80.86349150142404,YES_SYNTHETIC
IN-03378,26.746985668615835,80.93611667058406,YES_SYNTHETIC
IN-03379,26.914072684445316,80.96066303712603,YES_SYNTHETIC
IN-03380,26.946541459788687,80.90356932912944,YES_SYNTHETIC
IN-03381,26.80279101295201,80.87814989204679,YES_SYNTHETIC
IN-03382,26.779512717653066,80.90323731920202,YES_SYNTHETIC
IN-03383,26.905268009054705,81.02735135812729,YES_SYNTHETIC
IN-03384,26.941717433941534,80.8926579308193,YES_SYNTHETIC
IN-03385,26.922959509122816,80.91185101785547,YES_SYNTHETIC
IN-03386,26.769268108903375,81.02020498510404,YES_SYNTHETIC
IN-03387,26.87392112692872,80.87914617921622,YES_SYNTHETIC
IN-03388,26.832666251502598,80.90365153897542,YES_SYNTHETIC
IN-03389,26.89405891374204,80.93688324612486,YES_SYNTHETIC
IN-03390,26.944555989021275,80.85714899645193,YES_SYNTHETIC
IN-03391,26.81770305322725,80.942580033422,YES_SYNTHETIC
IN-03392,26.847326710949662,80.90938716447714,YES_SYNTHETIC
IN-03393,26.892548049819514,81.0211494146978,YES_SYNTHETIC
IN-03394,26.93444386039557,81.00721867535991,YES_SYNTHETIC
IN-03395,26.916816039461317,80.956309060124,YES_SYNTHETIC
IN-03396,26.91187764528536,80.90690078182959,YES_SYNTHETIC
IN-03397,26.826395752421842,80.90958260276372,YES_SYNTHETIC
IN-03398,26.840177467089582,80.90331592324773,YES_SYNTHETIC
IN-03399,26.93902228845089,80.90876892560114,YES_SYNTHETIC
IN-03400,26.766308907622186,80.95156343321008,YES_SYNTHETIC
IN-03401,26.758119815689035,80.86830863326172,YES_SYNTHETIC
IN-03402,26.790577877839247,80.93907004997644,YES_SYNTHETIC
IN-03403,26.833350186461804,81.00613837240056,YES_SYNTHETIC
IN-03404,26.894594930776822,80.93146365879815,YES_SYNTHETIC
IN-03405,26.813440841515124,80.90949375681231,YES_SYNTHETIC
IN-03406,26.9014990174588,80.85661448124426,YES_SYNTHETIC
IN-03407,26.749264329902118,81.00530887838534,YES_SYNTHETIC
IN-03408,26.84212927519781,80.87237622771072,YES_SYNTHETIC
IN-03409,26.7938131869189,81.03270079061949,YES_SYNTHETIC
IN-03410,26.91860059512498,80.9881570100448,YES_SYNTHETIC
IN-03411,26.843145046067463,80.95026472523828,YES_SYNTHETIC
IN-03412,21.240848907056794,79.18135408877686,YES_SYNTHETIC
IN-03413,21.08885380915717,79.15042091326106,YES_SYNTHETIC
IN-03414,21.085248533233404,79.03090749557678,YES_SYNTHETIC
IN-03415,21.181018606832918,79.06920021971752,YES_SYNTHETIC
IN-03416,21.232108881421304,79.0060019469792,YES_SYNTHETIC
IN-03417,21.148105128161898,79.17190430608862,YES_SYNTHETIC
IN-03418,21.2266227320959,79.01950584268315,YES_SYNTHETIC
IN-03419,21.119127540019292,79.11202428000934,YES_SYNTHETIC
IN-03420,21.07767897695428,79.18180443440914,YES_SYNTHETIC
IN-03421,21.228749865745534,79.0215900358069,YES_SYNTHETIC
IN-03422,21.070031092252197,79.00528169656165,YES_SYNTHETIC
IN-03423,21.227688732807326,79.0269247619591,YES_SYNTHETIC
IN-03424,21.12905698570887,79.0779702731304,YES_SYNTHETIC
IN-03425,22.592402208842714,88.27824706874948,YES_SYNTHETIC
IN-03426,22.517951723480106,88.45019807738379,YES_SYNTHETIC
IN-03427,22.654282021453714,88.42015812948114,YES_SYNTHETIC
IN-03428,22.476480249123643,88.32930135369922,YES_SYNTHETIC
IN-03429,22.598191747068583,88.3189380423547,YES_SYNTHETIC
IN-03430,22.654517339010756,88.39067789236648,YES_SYNTHETIC
IN-03431,22.48698134346329,88.44570111776714,YES_SYNTHETIC
IN-03432,22.664153331635244,88.27944248367835,YES_SYNTHETIC
IN-03433,22.579072046972264,88.32457285644284,YES_SYNTHETIC
IN-03434,22.55116781529628,88.29983024359107,YES_SYNTHETIC
IN-03435,22.588214420402483,88.45549587064978,YES_SYNTHETIC
IN-03436,22.57321452005432,88.2804829162789,YES_SYNTHETIC
IN-03437,22.596600266695482,88.33194459889025,YES_SYNTHETIC
IN-03438,22.64378503791826,88.3508356296633,YES_SYNTHETIC
IN-03439,16.44476792178845,80.58622112453823,YES_SYNTHETIC
IN-03440,16.55995283614423,80.60111751966147,YES_SYNTHETIC
IN-03441,16.559646678831843,80.58917746215332,YES_SYNTHETIC
IN-03442,16.470537273740263,80.64109739448794,YES_SYNTHETIC
IN-03443,16.59483916993869,80.73434628495076,YES_SYNTHETIC
IN-03444,16.447574375084457,80.61964380824861,YES_SYNTHETIC
IN-03445,16.436079877690755,80.6499970158627,YES_SYNTHETIC
IN-03446,16.498316510138935,80.72815203249014,YES_SYNTHETIC
IN-03447,16.592201075558215,80.62471347820146,YES_SYNTHETIC
IN-03448,16.5045475886038,80.72724724982922,YES_SYNTHETIC
IN-03449,16.567541561549014,80.54873126226893,YES_SYNTHETIC
IN-03450,16.470211912836717,80.63235484838722,YES_SYNTHETIC
IN-03451,16.452143256736647,80.58791432317918,YES_SYNTHETIC
IN-03452,16.413756901319136,80.67667394501395,YES_SYNTHETIC
IN-03453,16.458702058096634,80.55846943568626,YES_SYNTHETIC
IN-03454,16.45239586210561,80.70838279056723,YES_SYNTHETIC
IN-03455,16.57649783632931,80.64461324903866,YES_SYNTHETIC
IN-03456,16.489414134081738,80.74357073870036,YES_SYNTHETIC
IN-03457,16.446312931917614,80.59107185657092,YES_SYNTHETIC
IN-03458,16.46457343540728,80.58255146365622,YES_SYNTHETIC
IN-03459,16.482073119640837,80.73016684539795,YES_SYNTHETIC
IN-03460,16.529269568125713,80.63038930972245,YES_SYNTHETIC
IN-03461,16.593082158914243,80.55769284649516,YES_SYNTHETIC
IN-03462,16.448255235580373,80.66117772102035,YES_SYNTHETIC
IN-03463,21.168910524638637,78.99611150131253,YES_SYNTHETIC
IN-03464,21.12640775158143,79.11803079296618,YES_SYNTHETIC
IN-03465,21.185414109280682,79.11582798050325,YES_SYNTHETIC
IN-03466,21.109912644872185,79.00690402471959,YES_SYNTHETIC
IN-03467,21.131222489283868,79.01395088747361,YES_SYNTHETIC
IN-03468,21.235324731704136,79.08323417320453,YES_SYNTHETIC
IN-03469,21.109251834871376,79.14146081422378,YES_SYNTHETIC
IN-03470,21.145389718516455,79.05020680480249,YES_SYNTHETIC
IN-03471,21.20819354847816,79.16163043020022,YES_SYNTHETIC
IN-03472,21.180401633257738,78.99759288448153,YES_SYNTHETIC
IN-03473,21.15906457603331,79.14085898239945,YES_SYNTHETIC
IN-03474,21.07310060241672,79.03393415027692,YES_SYNTHETIC
IN-03475,21.22229902101363,78.99222434437061,YES_SYNTHETIC
IN-03476,21.196345427565195,79.08295465850289,YES_SYNTHETIC
IN-03477,21.135154431767923,78.98961930649898,YES_SYNTHETIC
IN-03478,21.2096796461933,79.06016498012731,YES_SYNTHETIC
IN-03479,21.15395312626011,79.12366013726714,YES_SYNTHETIC
IN-03480,21.186325915287583,79.17939601176522,YES_SYNTHETIC
IN-03481,21.152067990647325,79.06814391019489,YES_SYNTHETIC
IN-03482,21.236540725298344,79.11662204700511,YES_SYNTHETIC
IN-03483,21.105430071255313,79.01349284908072,YES_SYNTHETIC
IN-03484,21.214310900293036,79.06063632055883,YES_SYNTHETIC
IN-03485,21.17789394427289,79.08236328387318,YES_SYNTHETIC
IN-03486,21.085585955959008,79.1085373217241,YES_SYNTHETIC
IN-03487,21.057936613790137,79.07086849197424,YES_SYNTHETIC
IN-03488,21.155122987932735,79.07540939482372,YES_SYNTHETIC
IN-03489,26.1942344350502,91.80178499090906,YES_SYNTHETIC
IN-03490,26.198748614806636,91.64396258956236,YES_SYNTHETIC
IN-03491,26.083325754089195,91.74352150185275,YES_SYNTHETIC
IN-03492,26.231464408088762,91.80319135501043,YES_SYNTHETIC
IN-03493,26.21300690167036,91.69684163875193,YES_SYNTHETIC
IN-03494,26.13038957941574,91.73034118946319,YES_SYNTHETIC
IN-03495,26.07597431666998,91.64241362604889,YES_SYNTHETIC
IN-03496,26.233880579892105,91.68434251713269,YES_SYNTHETIC
IN-03497,26.092489780744728,91.65287581075376,YES_SYNTHETIC
IN-03498,26.230201550388756,91.75214742298795,YES_SYNTHETIC
IN-03499,26.17790737142507,91.81851537745261,YES_SYNTHETIC
IN-03500,26.11362403378016,91.76050146222761,YES_SYNTHETIC
IN-03501,26.052259890945777,91.67355450564622,YES_SYNTHETIC
IN-03502,26.21074916101799,91.78955367126767,YES_SYNTHETIC
IN-03503,26.11462853829143,91.71156212555483,YES_SYNTHETIC
IN-03504,26.151210886710718,91.63624820093702,YES_SYNTHETIC
IN-03505,26.092748867207607,91.67784636172163,YES_SYNTHETIC
IN-03506,26.094596589349955,91.79738116850669,YES_SYNTHETIC
IN-03507,26.10043477130929,91.67450426441003,YES_SYNTHETIC
IN-03508,26.145352692158607,91.80932900727454,YES_SYNTHETIC
IN-03509,26.0927699407675,91.65190724855856,YES_SYNTHETIC
IN-03510,26.115780947169934,91.785730364913,YES_SYNTHETIC
IN-03511,26.15463810893896,91.79955867391486,YES_SYNTHETIC
IN-03512,26.236418429521848,91.79473249535032,YES_SYNTHETIC
IN-03513,26.16526061576875,91.73486831761048,YES_SYNTHETIC
IN-03514,26.052513817269656,91.8330643957628,YES_SYNTHETIC
IN-03515,26.12119622451501,91.66664564278337,YES_SYNTHETIC
IN-03516,26.177841771079294,91.69305765781908,YES_SYNTHETIC
IN-03517,26.16165565418621,91.75355358156891,YES_SYNTHETIC
IN-03518,26.133645964180573,91.803423723109,YES_SYNTHETIC
IN-03519,26.09749341231109,91.72592651832355,YES_SYNTHETIC
IN-03520,26.152038425718196,91.76892494415345,YES_SYNTHETIC
IN-03521,26.20129437010112,91.71516145657564,YES_SYNTHETIC
IN-03522,25.62330938881932,85.06772219061371,YES_SYNTHETIC
IN-03523,25.680629620108498,85.11421176128421,YES_SYNTHETIC
IN-03524,25.64000428439529,85.04166821637644,YES_SYNTHETIC
IN-03525,25.535137428580963,85.13501650886472,YES_SYNTHETIC
IN-03526,25.66975049354647,85.14305102999015,YES_SYNTHETIC
IN-03527,25.680074096458778,85.13435937931656,YES_SYNTHETIC
IN-03528,25.59218981934719,85.06154935770012,YES_SYNTHETIC
IN-03529,25.654631248830444,85.08699308249342,YES_SYNTHETIC
IN-03530,25.674022497874464,85.21976484406609,YES_SYNTHETIC
IN-03531,25.68276202237483,85.14164609782063,YES_SYNTHETIC
IN-03532,25.62951875695673,85.19330317601234,YES_SYNTHETIC
IN-03533,25.520302923730092,85.15779143899951,YES_SYNTHETIC
IN-03534,25.500959580260663,85.13711321667775,YES_SYNTHETIC
IN-03535,25.525068536324046,85.07418458519243,YES_SYNTHETIC
IN-03536,25.567109513338522,85.1240874333433,YES_SYNTHETIC
IN-03537,25.618734484906437,85.0524856836877,YES_SYNTHETIC
IN-03538,25.59483835224749,85.07412502605062,YES_SYNTHETIC
IN-03539,25.60889503500635,85.16508092245225,YES_SYNTHETIC
IN-03540,25.605441851310573,85.18525910209567,YES_SYNTHETIC
IN-03541,25.56122184884818,85.19062131832663,YES_SYNTHETIC
IN-03542,25.58065341634164,85.13443689966452,YES_SYNTHETIC
IN-03543,25.623720425452216,85.04127167679985,YES_SYNTHETIC
IN-03544,25.62489884428405,85.16131702981443,YES_SYNTHETIC
IN-03545,25.556069423350657,85.0547588569799,YES_SYNTHETIC
IN-03546,25.51228708998261,85.22224474939705,YES_SYNTHETIC
IN-03547,25.631955864245167,85.06302052275416,YES_SYNTHETIC
IN-03548,25.565444633861784,85.15609659878032,YES_SYNTHETIC
IN-03549,25.66121434101813,85.04633218574261,YES_SYNTHETIC
IN-03550,25.541426626294,85.21554979805909,YES_SYNTHETIC
IN-03551,25.495933110036763,85.07787982055878,YES_SYNTHETIC
IN-03552,25.685904835194595,85.16028036930445,YES_SYNTHETIC
IN-03553,25.546434273327502,85.05099821887917,YES_SYNTHETIC
IN-03554,25.499738268089445,85.08654901592739,YES_SYNTHETIC
IN-03555,25.670397163917784,85.1207827308595,YES_SYNTHETIC
IN-03556,25.6381666738332,85.22125700707599,YES_SYNTHETIC
IN-03557,25.575708092320564,85.07585547420749,YES_SYNTHETIC
IN-03558,25.597523586171384,85.21921673741198,YES_SYNTHETIC
IN-03559,25.654974882827542,85.05076596867264,YES_SYNTHETIC
IN-03560,21.18431456001552,79.10257950449179,YES_SYNTHETIC
IN-03561,21.227292635269286,79.01269628337006,YES_SYNTHETIC
IN-03562,21.15260722264093,79.16409253870238,YES_SYNTHETIC
IN-03563,21.12780475734835,79.08459898354657,YES_SYNTHETIC
IN-03564,21.059892135533392,79.04382872808978,YES_SYNTHETIC
IN-03565,21.11070132983379,79.17722448974898,YES_SYNTHETIC
IN-03566,21.10233347210823,79.08037374705393,YES_SYNTHETIC
IN-03567,21.18006088471286,79.02063667448158,YES_SYNTHETIC
IN-03568,21.143088477428375,79.13590780789518,YES_SYNTHETIC
IN-03569,21.219171042605414,79.11345185493249,YES_SYNTHETIC
IN-03570,21.17961070306339,79.01345669451692,YES_SYNTHETIC
IN-03571,21.234955299449272,79.0147148154969,YES_SYNTHETIC
IN-03572,21.20073458743636,79.04116326435566,YES_SYNTHETIC
IN-03573,21.23251862874025,79.1321919078739,YES_SYNTHETIC
IN-03574,21.196562742595674,79.03201183461198,YES_SYNTHETIC
IN-03575,21.134407995327035,79.11176263891785,YES_SYNTHETIC
IN-03576,21.199794723641322,79.00899187518247,YES_SYNTHETIC
IN-03577,21.238273063290908,79.16624413411091,YES_SYNTHETIC
IN-03578,21.099869718099118,79.15275204860647,YES_SYNTHETIC
IN-03579,21.149464784607964,79.08056129631241,YES_SYNTHETIC
IN-03580,21.108686821162284,79.10439371732632,YES_SYNTHETIC
IN-03581,21.191777823540722,79.07038658099255,YES_SYNTHETIC
IN-03582,21.17164383860166,79.12806258423106,YES_SYNTHETIC
IN-03583,21.18802436340306,78.99859321962623,YES_SYNTHETIC
IN-03584,21.217749561137015,79.079850662953,YES_SYNTHETIC
IN-03585,21.098283216339244,79.03655290149594,YES_SYNTHETIC
IN-03586,21.14240282256879,79.1655663078938,YES_SYNTHETIC
IN-03587,21.121469516336532,79.1381451493567,YES_SYNTHETIC
IN-03588,21.065163746197445,79.08341134043022,YES_SYNTHETIC
IN-03589,21.24413722807855,79.14228756055847,YES_SYNTHETIC
IN-03590,21.087905697688125,79.08848829473958,YES_SYNTHETIC
IN-03591,21.092524952729715,79.0701121854525,YES_SYNTHETIC
IN-03592,21.201816804746993,79.14244496305808,YES_SYNTHETIC
IN-03593,21.09142007558048,79.17264466363098,YES_SYNTHETIC
IN-03594,23.041013636552965,72.5473848581924,YES_SYNTHETIC
IN-03595,23.022887116156173,72.59241425068754,YES_SYNTHETIC
IN-03596,23.034478106369157,72.56868100710723,YES_SYNTHETIC
IN-03597,23.02348656081788,72.50668238208557,YES_SYNTHETIC
IN-03598,23.085046580860936,72.5797520639882,YES_SYNTHETIC
IN-03599,22.948715972340942,72.62463142031655,YES_SYNTHETIC
IN-03600,23.108988795675472,72.66086137984739,YES_SYNTHETIC
IN-03601,22.996303546482235,72.49850337471214,YES_SYNTHETIC
IN-03602,23.026179925326613,72.49392184586983,YES_SYNTHETIC
IN-03603,23.109297483702523,72.50811592547103,YES_SYNTHETIC
IN-03604,22.973053171990234,72.55272730537699,YES_SYNTHETIC
IN-03605,22.999132893711828,72.63033257847958,YES_SYNTHETIC
IN-03606,23.013763364110194,72.50555365200067,YES_SYNTHETIC
IN-03607,22.975941979097215,72.5732226770375,YES_SYNTHETIC
IN-03608,22.95199078348523,72.5937311351292,YES_SYNTHETIC
IN-03609,23.03564946131023,72.61434046327645,YES_SYNTHETIC
IN-03610,23.110040923075875,72.65385091222022,YES_SYNTHETIC
IN-03611,23.111715123613767,72.52034311940474,YES_SYNTHETIC
IN-03612,22.948813061327872,72.53185534009928,YES_SYNTHETIC
IN-03613,23.101517034553265,72.6658106949247,YES_SYNTHETIC
IN-03614,23.094364990214096,72.4934035442255,YES_SYNTHETIC
IN-03615,23.11198559961196,72.55607160547015,YES_SYNTHETIC
IN-03616,22.92436205815247,72.55987874814963,YES_SYNTHETIC
IN-03617,22.931713833935095,72.58017558423222,YES_SYNTHETIC
IN-03618,22.99021080548741,72.5660869867188,YES_SYNTHETIC
IN-03619,23.045134072148624,72.64516021916356,YES_SYNTHETIC
IN-03620,23.054880315294387,72.55820977369564,YES_SYNTHETIC
IN-03621,23.086385570734073,72.65251642751463,YES_SYNTHETIC
IN-03622,22.94645199328644,72.57778659551056,YES_SYNTHETIC
IN-03623,22.97940239194849,72.48081223957539,YES_SYNTHETIC
IN-03624,23.056209339022796,72.64395415549184,YES_SYNTHETIC
IN-03625,22.95508053089548,72.63388273152478,YES_SYNTHETIC
IN-03626,23.09317914670739,72.6542680885333,YES_SYNTHETIC
IN-03627,21.098857017817213,79.16899061303798,YES_SYNTHETIC
IN-03628,21.10993255094729,79.0986676026911,YES_SYNTHETIC
IN-03629,21.05590149416646,78.99697621767375,YES_SYNTHETIC
IN-03630,21.189874642546442,79.07709599559556,YES_SYNTHETIC
IN-03631,21.097058475073844,79.02628269920498,YES_SYNTHETIC
IN-03632,21.179790698171846,78.98828030880507,YES_SYNTHETIC
IN-03633,21.206978233839372,79.00404992122598,YES_SYNTHETIC
IN-03634,21.084097922981623,79.06544727905982,YES_SYNTHETIC
IN-03635,21.142771747943222,79.05919902316279,YES_SYNTHETIC
IN-03636,21.10994243299686,79.18098320241464,YES_SYNTHETIC
IN-03637,21.17411593624868,78.99288659107347,YES_SYNTHETIC
IN-03638,21.131835181688864,79.16320173994879,YES_SYNTHETIC
IN-03639,21.106091237282136,79.00711126895487,YES_SYNTHETIC
IN-03640,21.197476954317985,79.10940276638722,YES_SYNTHETIC
IN-03641,21.159862501565303,78.99891531192148,YES_SYNTHETIC
IN-03642,21.073899801959104,79.11270987924263,YES_SYNTHETIC
IN-03643,21.087364768291767,79.08901401594969,YES_SYNTHETIC
IN-03644,21.15477633720588,79.04490143805418,YES_SYNTHETIC
IN-03645,21.2354850311083,79.15669282136712,YES_SYNTHETIC
IN-03646,21.190274701526562,79.00379877328189,YES_SYNTHETIC
IN-03647,21.067026003861805,79.086756269173,YES_SYNTHETIC
IN-03648,21.077942669838198,79.18385309270589,YES_SYNTHETIC
IN-03649,21.077504046805483,79.08569356709279,YES_SYNTHETIC
IN-03650,21.118624211368303,79.11607728429082,YES_SYNTHETIC
IN-03651,21.071607281777887,79.07426328560848,YES_SYNTHETIC
IN-03652,21.10074100656143,79.16575030493433,YES_SYNTHETIC
IN-03653,21.05391714242694,79.17094549880129,YES_SYNTHETIC
IN-03654,21.2123988277106,79.04771414328816,YES_SYNTHETIC
IN-03655,21.203658130935423,78.99444271206775,YES_SYNTHETIC
IN-03656,21.23917311005868,79.09351898851796,YES_SYNTHETIC
IN-03657,21.10645620521309,79.06071664251894,YES_SYNTHETIC
IN-03658,21.059081070692102,79.18606990280841,YES_SYNTHETIC
IN-03659,21.05365838903014,79.11918142462957,YES_SYNTHETIC
IN-03660,21.134347185541294,79.17798324363774,YES_SYNTHETIC
IN-03661,21.09499994806136,79.09461736478761,YES_SYNTHETIC
IN-03662,21.142271241716553,79.12877328881002,YES_SYNTHETIC
IN-03663,21.059402046390485,79.02695782600468,YES_SYNTHETIC
IN-03664,21.088712964018573,79.13583015096833,YES_SYNTHETIC
IN-03665,21.08362773926535,79.1028983527782,YES_SYNTHETIC
IN-03666,21.08884876410019,79.1605249900168,YES_SYNTHETIC
IN-03667,21.234237090897928,79.09189859498845,YES_SYNTHETIC
IN-03668,21.11626177684184,79.0350115550035,YES_SYNTHETIC
IN-03669,21.05575620030461,79.0419000152395,YES_SYNTHETIC
IN-03670,21.176647155989066,79.09492338626184,YES_SYNTHETIC
IN-03671,21.234608255656187,79.06745545249834,YES_SYNTHETIC
IN-03672,21.18457266846568,79.08606454949502,YES_SYNTHETIC
IN-03673,21.148315243184843,79.04175486292083,YES_SYNTHETIC
IN-03674,21.136790155368402,79.08235699940255,YES_SYNTHETIC
IN-03675,21.187128504349786,79.17632799983723,YES_SYNTHETIC
IN-03676,21.111664255496503,78.99664009371627,YES_SYNTHETIC
IN-03677,21.145059025100128,79.09709226642984,YES_SYNTHETIC
IN-03678,21.079488110226386,79.14029292125521,YES_SYNTHETIC
IN-03679,21.2427858216883,79.1773549434017,YES_SYNTHETIC
IN-03680,21.085221207764732,79.16327264798015,YES_SYNTHETIC
IN-03681,21.186698727282337,79.07896931276139,YES_SYNTHETIC
IN-03682,21.153922198864947,79.15812003499649,YES_SYNTHETIC
IN-03683,21.141826987927676,79.06284147382102,YES_SYNTHETIC
IN-03684,21.144449498605198,79.10402596080701,YES_SYNTHETIC
IN-03685,12.90941553075567,77.6747815460534,YES_SYNTHETIC
IN-03686,13.006437389765923,77.6212537834675,YES_SYNTHETIC
IN-03687,12.891499245236128,77.61543478763451,YES_SYNTHETIC
IN-03688,12.8957921324477,77.51033953503908,YES_SYNTHETIC
IN-03689,12.97706217912848,77.5751571068093,YES_SYNTHETIC
IN-03690,12.989362054031245,77.51244443361145,YES_SYNTHETIC
IN-03691,12.957796612569453,77.52955734300903,YES_SYNTHETIC
IN-03692,13.069020017184824,77.60683004248703,YES_SYNTHETIC
IN-03693,13.009087372188175,77.55968365613653,YES_SYNTHETIC
IN-03694,12.890547782955869,77.68977417255671,YES_SYNTHETIC
IN-03695,12.928851807076637,77.57936163703471,YES_SYNTHETIC
IN-03696,13.001572784340516,77.49953945953722,YES_SYNTHETIC
IN-03697,13.033651826103458,77.60191563800572,YES_SYNTHETIC
IN-03698,12.927243437413765,77.5069215970585,YES_SYNTHETIC
IN-03699,12.90409968309489,77.6736067717707,YES_SYNTHETIC
IN-03700,13.008804844787178,77.54458034432737,YES_SYNTHETIC
IN-03701,12.884720152989006,77.63272306247733,YES_SYNTHETIC
IN-03702,12.986081545193553,77.57550390489165,YES_SYNTHETIC
IN-03703,12.944322289838013,77.53796285518582,YES_SYNTHETIC
IN-03704,13.005522251307504,77.68873360555878,YES_SYNTHETIC
IN-03705,12.906743049167366,77.6140233240031,YES_SYNTHETIC
IN-03706,12.956437011149196,77.58393774434893,YES_SYNTHETIC
IN-03707,12.922429456025563,77.65962697513228,YES_SYNTHETIC
IN-03708,12.968651120829449,77.60328117043966,YES_SYNTHETIC
IN-03709,12.932552182559466,77.53096169313339,YES_SYNTHETIC
IN-03710,12.888782077640565,77.63742382818498,YES_SYNTHETIC
IN-03711,12.910846856337571,77.63261507083776,YES_SYNTHETIC
IN-03712,12.949675289209392,77.57775496019794,YES_SYNTHETIC
IN-03713,12.965435499218556,77.5681417016255,YES_SYNTHETIC
IN-03714,12.891723995444519,77.55652636200057,YES_SYNTHETIC
IN-03715,21.17854687213879,79.12135688029377,YES_SYNTHETIC
IN-03716,21.103044861448,79.08022052531153,YES_SYNTHETIC
IN-03717,21.08448944560239,79.03027441630597,YES_SYNTHETIC
IN-03718,21.050409417681323,79.16754930998155,YES_SYNTHETIC
IN-03719,21.08794133301498,79.03370677538729,YES_SYNTHETIC
IN-03720,21.101720286529027,79.01368161433909,YES_SYNTHETIC
IN-03721,21.173652576636275,79.00322859063552,YES_SYNTHETIC
IN-03722,21.07264048526527,79.11715134531802,YES_SYNTHETIC
IN-03723,21.11373212409629,79.12978956534023,YES_SYNTHETIC
IN-03724,21.15728494893403,79.0394042346123,YES_SYNTHETIC
IN-03725,21.175965590097867,79.01145473605858,YES_SYNTHETIC
IN-03726,21.15308207661601,79.07562962100901,YES_SYNTHETIC
IN-03727,21.09937471656349,79.1090009995479,YES_SYNTHETIC
IN-03728,21.220066718468058,79.18798093995261,YES_SYNTHETIC
IN-03729,23.281452553748682,77.39354117486583,YES_SYNTHETIC
IN-03730,23.204941420043237,77.36401921787902,YES_SYNTHETIC
IN-03731,23.25579099562995,77.38605554025614,YES_SYNTHETIC
IN-03732,23.342662904524985,77.38625909353114,YES_SYNTHETIC
IN-03733,23.234588918229086,77.3893069024868,YES_SYNTHETIC
IN-03734,23.32722404207353,77.44275766416938,YES_SYNTHETIC
IN-03735,23.28273377006378,77.37942860447677,YES_SYNTHETIC
IN-03736,23.323480835366485,77.32027277227114,YES_SYNTHETIC
IN-03737,23.33405943446762,77.41514997995878,YES_SYNTHETIC
IN-03738,23.23955004697268,77.41203345614353,YES_SYNTHETIC
IN-03739,23.293383106106763,77.31515308530358,YES_SYNTHETIC
IN-03740,23.334210371291647,77.40194790506227,YES_SYNTHETIC
IN-03741,23.228493303940013,77.3402491131268,YES_SYNTHETIC
IN-03742,23.247793074871687,77.41186455425688,YES_SYNTHETIC
IN-03743,23.240629338898692,77.44833201876537,YES_SYNTHETIC
IN-03744,23.244079305751843,77.50488351556932,YES_SYNTHETIC
IN-03745,23.279755503564715,77.47409558713038,YES_SYNTHETIC
IN-03746,23.181771180621894,77.39205825858917,YES_SYNTHETIC
IN-03747,23.227269540289427,77.42649647762731,YES_SYNTHETIC
IN-03748,23.332122704012285,77.3282676435524,YES_SYNTHETIC
IN-03749,23.174414959608942,77.48266354163152,YES_SYNTHETIC
IN-03750,23.20247001720767,77.44635065088995,YES_SYNTHETIC
IN-03751,23.26847562647216,77.47917871897744,YES_SYNTHETIC
IN-03752,23.18491778196728,77.33855659314452,YES_SYNTHETIC
IN-03753,23.27126367205566,77.50187573067167,YES_SYNTHETIC
IN-03754,23.24289955167415,77.37798842005094,YES_SYNTHETIC
IN-03755,23.281237864639575,77.498689720109,YES_SYNTHETIC
IN-03756,23.32728556656892,77.51169672214664,YES_SYNTHETIC
IN-03757,23.164413716640475,77.33517162894255,YES_SYNTHETIC
IN-03758,23.281793552673324,77.47671528786677,YES_SYNTHETIC
IN-03759,23.21694886846135,77.36044221760685,YES_SYNTHETIC
IN-03760,23.317295159876238,77.32387637077065,YES_SYNTHETIC
IN-03761,23.233776529516515,77.41376184451846,YES_SYNTHETIC
IN-03762,23.271969734870062,77.45832303135855,YES_SYNTHETIC
IN-03763,23.230869144686128,77.43513686893492,YES_SYNTHETIC
IN-03764,23.276975084558188,77.42212322013074,YES_SYNTHETIC
IN-03765,23.28799665862844,77.36448983421361,YES_SYNTHETIC
IN-03766,23.176829750716923,77.33645433440795,YES_SYNTHETIC
IN-03767,23.204816476530777,77.41263958710455,YES_SYNTHETIC
IN-03768,23.327988550109204,77.45285866841768,YES_SYNTHETIC
IN-03769,23.317708120840408,77.38279512478522,YES_SYNTHETIC
IN-03770,23.240830748329707,77.39133637719812,YES_SYNTHETIC
IN-03771,23.1982746368809,77.32484333162871,YES_SYNTHETIC
IN-03772,23.278083218565442,77.51044333668412,YES_SYNTHETIC
IN-03773,23.193265940990052,77.32193696397985,YES_SYNTHETIC
IN-03774,23.315806336364783,77.36311720133695,YES_SYNTHETIC
IN-03775,23.325828761070586,77.4533873334069,YES_SYNTHETIC
IN-03776,23.34903470741016,77.39438544715134,YES_SYNTHETIC
IN-03777,23.292293967890124,77.40557095616265,YES_SYNTHETIC
IN-03778,23.286017739461705,77.40251978120155,YES_SYNTHETIC
IN-03779,23.19762644928481,77.41417948320067,YES_SYNTHETIC
IN-03780,23.265616840287485,77.47472076965202,YES_SYNTHETIC
IN-03781,23.307004141158714,77.44535832478829,YES_SYNTHETIC
IN-03782,23.182577419110512,77.45672325813274,YES_SYNTHETIC
IN-03783,19.076061031270903,72.95651990722124,YES_SYNTHETIC
IN-03784,19.15997418682611,72.78873131812036,YES_SYNTHETIC
IN-03785,19.140128312070896,72.78523947808453,YES_SYNTHETIC
IN-03786,19.049433925139006,72.88615999512422,YES_SYNTHETIC
IN-03787,19.005620159725424,72.92696276251382,YES_SYNTHETIC
IN-03788,18.97767094083443,72.81141980968681,YES_SYNTHETIC
IN-03789,19.092159365970694,72.92057751240746,YES_SYNTHETIC
IN-03790,19.159328620538783,72.91879933038693,YES_SYNTHETIC
IN-03791,19.110355854050972,72.85656822927014,YES_SYNTHETIC
IN-03792,18.97625688510536,72.80173185174714,YES_SYNTHETIC
IN-03793,19.08291090895121,72.91272597716889,YES_SYNTHETIC
IN-03794,19.05948965677929,72.92383580230569,YES_SYNTHETIC
IN-03795,19.080372459066435,72.79253523911886,YES_SYNTHETIC
IN-03796,19.014403250193592,72.9456996446488,YES_SYNTHETIC
IN-03797,19.12098254932489,72.95665239740251,YES_SYNTHETIC
IN-03798,18.999511449824187,72.97574450692302,YES_SYNTHETIC
IN-03799,19.017881342789988,72.78005597525733,YES_SYNTHETIC
IN-03800,19.17548458781071,72.83391477708902,YES_SYNTHETIC
IN-03801,19.109603890502513,72.81303646283527,YES_SYNTHETIC
IN-03802,19.09204570643983,72.95850699729091,YES_SYNTHETIC
IN-03803,19.040036233485687,72.91175079520887,YES_SYNTHETIC
IN-03804,19.013580717759684,72.90265907974376,YES_SYNTHETIC
IN-03805,19.043290070363504,72.8199416517176,YES_SYNTHETIC
IN-03806,19.03863641014073,72.81346821370157,YES_SYNTHETIC
IN-03807,19.156383221567577,72.85713737726343,YES_SYNTHETIC
IN-03808,19.025055860994875,72.86738156820319,YES_SYNTHETIC
IN-03809,19.0401072333613,72.92658385076267,YES_SYNTHETIC
IN-03810,19.170243982377098,72.86530673133953,YES_SYNTHETIC
IN-03811,19.14820667999445,72.89087261471192,YES_SYNTHETIC
IN-03812,19.007447133018847,72.91582454841627,YES_SYNTHETIC
IN-03813,19.078686899425165,72.90782130465043,YES_SYNTHETIC
IN-03814,19.153937482514333,72.86578691413122,YES_SYNTHETIC
IN-03815,19.15623552464347,72.92783380285634,YES_SYNTHETIC
IN-03816,19.073720985175598,72.89834442713159,YES_SYNTHETIC
IN-03817,19.041116226503803,72.97441945994775,YES_SYNTHETIC
IN-03818,19.10947023261008,72.78646937049933,YES_SYNTHETIC
IN-03819,21.111124381149605,79.11286288675181,YES_SYNTHETIC
IN-03820,21.05706665555985,78.99297683826383,YES_SYNTHETIC
IN-03821,21.13580484790556,79.05473803593854,YES_SYNTHETIC
IN-03822,21.133459721606634,79.04073866197601,YES_SYNTHETIC
IN-03823,21.078743549388598,79.12602867139607,YES_SYNTHETIC
IN-03824,21.14871422325356,79.02823084224987,YES_SYNTHETIC
IN-03825,21.109717885252,79.10656158153266,YES_SYNTHETIC
IN-03826,21.060245869654498,79.01769060185323,YES_SYNTHETIC
IN-03827,21.06044912082148,79.15066346654282,YES_SYNTHETIC
IN-03828,21.196281846642403,79.13886258637585,YES_SYNTHETIC
IN-03829,21.189065068695207,79.12207708473397,YES_SYNTHETIC
IN-03830,21.141198383075636,79.11665563270142,YES_SYNTHETIC
IN-03831,21.053472310957595,79.11249288453136,YES_SYNTHETIC
IN-03832,21.201375541107378,79.08827167207689,YES_SYNTHETIC
IN-03833,21.11730266568545,79.0436853469602,YES_SYNTHETIC
IN-03834,21.174360410032417,79.12676023972598,YES_SYNTHETIC
IN-03835,21.21999351997251,79.0566668164922,YES_SYNTHETIC
IN-03836,21.19975446147712,79.10047116483787,YES_SYNTHETIC
IN-03837,21.222367298135616,79.09376242165912,YES_SYNTHETIC
IN-03838,21.149325965679594,79.10377541628819,YES_SYNTHETIC
IN-03839,21.195663071028488,79.18113809576569,YES_SYNTHETIC
IN-03840,21.060512670843153,78.9988869204782,YES_SYNTHETIC
IN-03841,21.23331006748147,79.09417512510365,YES_SYNTHETIC
IN-03842,21.168780602913387,79.08468472031895,YES_SYNTHETIC
IN-03843,21.064531490521496,79.14181787568373,YES_SYNTHETIC
IN-03844,21.19524492901772,79.05054066429857,YES_SYNTHETIC
IN-03845,21.10704784904568,79.1557682761811,YES_SYNTHETIC
IN-03846,21.060271451548267,79.16442102967132,YES_SYNTHETIC
IN-03847,21.097132337979183,79.1067969495511,YES_SYNTHETIC
IN-03848,21.232998835800355,79.12382450030734,YES_SYNTHETIC
IN-03849,21.12868596249341,79.12610684178108,YES_SYNTHETIC
IN-03850,21.114595927263274,79.04365168326984,YES_SYNTHETIC
IN-03851,21.245136655586936,79.13835804623596,YES_SYNTHETIC
IN-03852,21.174743995476366,79.05925792864386,YES_SYNTHETIC
IN-03853,21.05563216583101,78.99441137520704,YES_SYNTHETIC
IN-03854,21.15663625108976,79.14060654420781,YES_SYNTHETIC
IN-03855,21.15327583808877,79.15635701438782,YES_SYNTHETIC
IN-03856,21.052485306618646,79.06155041528518,YES_SYNTHETIC
IN-03857,21.093214078234837,79.07765459363142,YES_SYNTHETIC
IN-03858,21.060275278638827,79.17902632831421,YES_SYNTHETIC
IN-03859,21.090451080213874,79.17266155509672,YES_SYNTHETIC
IN-03860,21.130978631007338,79.18530482665105,YES_SYNTHETIC
IN-03861,21.156611676692044,79.17436657283517,YES_SYNTHETIC
IN-03862,21.046869797738847,79.13784776123617,YES_SYNTHETIC
IN-03863,21.226410130620504,79.0161441133958,YES_SYNTHETIC
IN-03864,21.06502517034643,79.07311452143719,YES_SYNTHETIC
IN-03865,21.232535781226588,79.09667731203808,YES_SYNTHETIC
IN-03866,21.151291292744347,79.01642522365987,YES_SYNTHETIC
IN-03867,21.045957902218646,79.1502280181491,YES_SYNTHETIC
IN-03868,21.06331491259725,79.11496996374707,YES_SYNTHETIC
IN-03869,21.22872329090304,79.02993038263169,YES_SYNTHETIC
IN-03870,21.178854567247384,79.0039397153415,YES_SYNTHETIC
IN-03871,21.166551028767525,79.02098634419065,YES_SYNTHETIC
IN-03872,21.192990712103036,79.04844625895878,YES_SYNTHETIC
IN-03873,21.13847820176093,79.10808610840553,YES_SYNTHETIC
IN-03874,21.080054682133248,79.13652756372352,YES_SYNTHETIC
IN-03875,21.106328068127365,79.12067437198255,YES_SYNTHETIC
IN-03876,21.077456610139876,79.12582353184128,YES_SYNTHETIC
IN-03877,21.071437614562093,79.073271299254,YES_SYNTHETIC
IN-03878,21.095241214747777,79.13787504988564,YES_SYNTHETIC
IN-03879,21.098207000901375,79.16454346127908,YES_SYNTHETIC
IN-03880,21.224164042281323,79.02748826304456,YES_SYNTHETIC
IN-03881,21.168569189001545,79.005743528344,YES_SYNTHETIC
IN-03882,21.12410741992033,79.13086434590025,YES_SYNTHETIC
IN-03883,21.177684649369983,79.11314013388132,YES_SYNTHETIC
IN-03884,21.10230817273249,79.06380498988688,YES_SYNTHETIC
IN-03885,21.066389228940057,79.13200456408673,YES_SYNTHETIC
IN-03886,21.146577759358255,79.12995312646913,YES_SYNTHETIC
IN-03887,21.095588704959376,79.05308764572702,YES_SYNTHETIC
IN-03888,21.112643067452023,78.99334848194944,YES_SYNTHETIC
IN-03889,21.114009574566126,79.1488609147036,YES_SYNTHETIC
IN-03890,21.225259699149948,79.0918436631272,YES_SYNTHETIC
IN-03891,21.136900339043844,78.99436492373988,YES_SYNTHETIC
IN-03892,21.221640867517078,78.99080204268517,YES_SYNTHETIC
IN-03893,21.234750016042042,79.08604324973761,YES_SYNTHETIC
IN-03894,26.88078689871495,75.87214368696853,YES_SYNTHETIC
IN-03895,26.81727819862202,75.80358497897382,YES_SYNTHETIC
IN-03896,26.92218650489987,75.73116408024228,YES_SYNTHETIC
IN-03897,26.898177486270043,75.81775280118876,YES_SYNTHETIC
IN-03898,26.957826239376388,75.68744337174132,YES_SYNTHETIC
IN-03899,26.999770686018206,75.72020507447857,YES_SYNTHETIC
IN-03900,26.859116086844473,75.73999468913877,YES_SYNTHETIC
IN-03901,26.81996402731041,75.71191042471807,YES_SYNTHETIC
IN-03902,27.009669984588832,75.75034334747546,YES_SYNTHETIC
IN-03903,26.835460218067812,75.70869825223492,YES_SYNTHETIC
IN-03904,26.956291993533995,75.85821373280653,YES_SYNTHETIC
IN-03905,26.863790459901697,75.69148190246705,YES_SYNTHETIC
IN-03906,26.857018003689074,75.69860313815936,YES_SYNTHETIC
IN-03907,26.83307898732601,75.77360162396953,YES_SYNTHETIC
IN-03908,26.858383674172327,75.79048917570509,YES_SYNTHETIC
IN-03909,26.86309875065144,75.87540746022059,YES_SYNTHETIC
IN-03910,26.993588793585253,75.8006612210021,YES_SYNTHETIC
IN-03911,26.88328479839748,75.76352937640695,YES_SYNTHETIC
IN-03912,26.8947704566289,75.83281586442699,YES_SYNTHETIC
IN-03913,26.90272779910377,75.85864598930118,YES_SYNTHETIC
IN-03914,27.001218957186076,75.75448923067579,YES_SYNTHETIC
IN-03915,26.924538896275138,75.70631130736652,YES_SYNTHETIC
IN-03916,26.852493809553273,75.76999315334203,YES_SYNTHETIC
IN-03917,26.853640543180358,75.86261209815774,YES_SYNTHETIC
IN-03918,26.844057251211822,75.77843216431062,YES_SYNTHETIC
IN-03919,26.93353984809198,75.82567278163216,YES_SYNTHETIC
IN-03920,26.889013873945302,75.86111981374495,YES_SYNTHETIC
IN-03921,26.926063830215586,75.77520155608951,YES_SYNTHETIC
IN-03922,26.82584812681041,75.78023789368903,YES_SYNTHETIC
IN-03923,26.976547168163147,75.81020820364427,YES_SYNTHETIC
IN-03924,26.978832490745827,75.78610233411986,YES_SYNTHETIC
IN-03925,26.836092341018897,75.69002796916718,YES_SYNTHETIC
IN-03926,26.87304390934372,75.82689809429957,YES_SYNTHETIC
IN-03927,26.97045198078834,75.74645056692407,YES_SYNTHETIC
IN-03928,26.91153078417665,75.77152378088682,YES_SYNTHETIC
IN-03929,26.894504556870288,75.73356974264003,YES_SYNTHETIC
IN-03930,26.839674221005893,75.72663771164625,YES_SYNTHETIC
IN-03931,26.82346647743267,75.72692614836471,YES_SYNTHETIC
IN-03932,26.81424017952508,75.81275168012719,YES_SYNTHETIC
IN-03933,26.87567508147754,75.88192894228538,YES_SYNTHETIC
IN-03934,26.85114341015526,75.75646571406192,YES_SYNTHETIC
IN-03935,26.883968231728307,75.68899029921249,YES_SYNTHETIC
IN-03936,26.980241590607893,75.69369889202886,YES_SYNTHETIC
IN-03937,27.00043596694585,75.86571487021872,YES_SYNTHETIC
IN-03938,26.919504383217195,75.79601911498226,YES_SYNTHETIC
IN-03939,26.94315558459123,75.76471000238698,YES_SYNTHETIC
IN-03940,26.941844456679572,75.6962536777377,YES_SYNTHETIC
IN-03941,26.82320952546995,75.7787460839239,YES_SYNTHETIC
IN-03942,21.155724460221208,79.16576352806716,YES_SYNTHETIC
IN-03943,21.06673212678158,79.15272958543878,YES_SYNTHETIC
IN-03944,21.087809467458417,79.067016729702,YES_SYNTHETIC
IN-03945,21.109120486965484,79.06823105457308,YES_SYNTHETIC
IN-03946,21.075899099614517,79.08891401488071,YES_SYNTHETIC
IN-03947,21.206128517966274,79.07650680207578,YES_SYNTHETIC
IN-03948,13.080822715179641,80.34045351705626,YES_SYNTHETIC
IN-03949,13.123911622927608,80.26879088170396,YES_SYNTHETIC
IN-03950,13.034239129637836,80.347685349369,YES_SYNTHETIC
IN-03951,13.098104080338112,80.21492952202215,YES_SYNTHETIC
IN-03952,13.036523950527602,80.33132661778725,YES_SYNTHETIC
IN-03953,12.991529112417492,80.36911843740577,YES_SYNTHETIC
IN-03954,13.008770335942959,80.32991370507939,YES_SYNTHETIC
IN-03955,13.061655063354337,80.2691432366575,YES_SYNTHETIC
IN-03956,13.158830115492917,80.25328223791784,YES_SYNTHETIC
IN-03957,13.090198750734647,80.18055993248184,YES_SYNTHETIC
IN-03958,12.983169494773492,80.21965997460035,YES_SYNTHETIC
IN-03959,13.118816618583754,80.19495297867184,YES_SYNTHETIC
IN-03960,13.00545239176091,80.25289212160719,YES_SYNTHETIC
IN-03961,13.112267407721646,80.31311439844958,YES_SYNTHETIC
IN-03962,13.018390134819676,80.18661762947441,YES_SYNTHETIC
IN-03963,13.17077940678911,80.22283327651243,YES_SYNTHETIC
IN-03964,13.153369299521746,80.34339829009257,YES_SYNTHETIC
IN-03965,13.13720451835251,80.20446672133052,YES_SYNTHETIC
IN-03966,13.14706029185084,80.32455011184832,YES_SYNTHETIC
IN-03967,13.102044598021244,80.2381404070338,YES_SYNTHETIC
IN-03968,13.03520172085331,80.19507784241608,YES_SYNTHETIC
IN-03969,13.084651413380175,80.28775217510197,YES_SYNTHETIC
IN-03970,13.05456779810316,80.26577181353618,YES_SYNTHETIC
IN-03971,13.055402891473854,80.29890121146414,YES_SYNTHETIC
IN-03972,13.162951841559314,80.2034840524094,YES_SYNTHETIC
IN-03973,13.058981761980625,80.19887372079017,YES_SYNTHETIC
IN-03974,13.107688754081567,80.31647410189773,YES_SYNTHETIC
IN-03975,13.169082546519492,80.2264743852522,YES_SYNTHETIC
IN-03976,13.172742241173086,80.18335253436415,YES_SYNTHETIC
IN-03977,13.103302772672919,80.18212654386868,YES_SYNTHETIC
IN-03978,13.16145483755239,80.27666181141402,YES_SYNTHETIC
IN-03979,13.11656967015256,80.33701478518209,YES_SYNTHETIC
IN-03980,13.012762124496795,80.17841831238763,YES_SYNTHETIC
IN-03981,13.158476229182572,80.23368664549179,YES_SYNTHETIC
IN-03982,13.008495781585435,80.26439224741742,YES_SYNTHETIC
IN-03983,13.102361215139204,80.17689412068451,YES_SYNTHETIC
IN-03984,13.037679131651418,80.17725997485539,YES_SYNTHETIC
IN-03985,17.3690670778391,78.56572000581325,YES_SYNTHETIC
IN-03986,17.481530482298716,78.51410951070072,YES_SYNTHETIC
IN-03987,17.31732753875692,78.56786987799985,YES_SYNTHETIC
IN-03988,17.388249564640013,78.41744986242058,YES_SYNTHETIC
IN-03989,17.469345333890335,78.53819381014462,YES_SYNTHETIC
IN-03990,17.43134105454463,78.52853614075887,YES_SYNTHETIC
IN-03991,17.32506796421929,78.4289013383415,YES_SYNTHETIC
IN-03992,17.42265859968545,78.43064455002208,YES_SYNTHETIC
IN-03993,17.372734339360612,78.54310036511879,YES_SYNTHETIC
IN-03994,17.44179050361957,78.47735235450517,YES_SYNTHETIC
IN-03995,17.443437987655052,78.5544243592396,YES_SYNTHETIC
IN-03996,17.415955150256853,78.43238517046169,YES_SYNTHETIC
IN-03997,17.33980235607711,78.44966823108174,YES_SYNTHETIC
IN-03998,17.308360821546792,78.44133192407399,YES_SYNTHETIC
IN-03999,17.326903844862507,78.47776574996172,YES_SYNTHETIC
IN-04000,17.466687509574456,78.4075960633508,YES_SYNTHETIC
IN-04001,17.429053584789482,78.52415660088262,YES_SYNTHETIC
IN-04002,17.304150839732674,78.57121448098115,YES_SYNTHETIC
IN-04003,17.398694440431367,78.45944510422713,YES_SYNTHETIC
IN-04004,17.436307716699062,78.43817309168033,YES_SYNTHETIC
IN-04005,17.423701967409265,78.39464224151445,YES_SYNTHETIC
IN-04006,17.452881607521856,78.47633416940427,YES_SYNTHETIC
IN-04007,17.41233858287159,78.43094756396134,YES_SYNTHETIC
IN-04008,17.42041474253169,78.54114805517865,YES_SYNTHETIC
IN-04009,17.379642637376882,78.51024538481236,YES_SYNTHETIC
IN-04010,17.37626518476448,78.56551827385157,YES_SYNTHETIC
IN-04011,17.384573836102867,78.55506174180576,YES_SYNTHETIC
IN-04012,17.44527041165405,78.46880096426968,YES_SYNTHETIC
IN-04013,17.331016898371498,78.46791642651195,YES_SYNTHETIC
IN-04014,17.450243475155045,78.43222650716388,YES_SYNTHETIC
IN-04015,17.389887269171552,78.54791934959215,YES_SYNTHETIC
IN-04016,17.355695495025678,78.51514192740053,YES_SYNTHETIC
IN-04017,17.334126314809765,78.40855588907363,YES_SYNTHETIC
IN-04018,21.20467684501857,79.00799372468174,YES_SYNTHETIC
IN-04019,21.10007627901592,79.15922188439949,YES_SYNTHETIC
IN-04020,21.115093857415733,79.18280906990283,YES_SYNTHETIC
IN-04021,21.241746866954774,79.04185520409071,YES_SYNTHETIC
IN-04022,21.05399564444998,79.12921265684108,YES_SYNTHETIC
IN-04023,21.13599730052967,79.00835056879191,YES_SYNTHETIC
IN-04024,21.18730456379561,78.99443498182238,YES_SYNTHETIC
IN-04025,21.21983933809845,79.01593050582267,YES_SYNTHETIC
IN-04026,26.772162375749343,80.88133445959372,YES_SYNTHETIC
IN-04027,26.938753271698413,80.98483387205077,YES_SYNTHETIC
IN-04028,26.906974307092725,80.92572699714655,YES_SYNTHETIC
IN-04029,26.81396254550099,80.89309680135663,YES_SYNTHETIC
IN-04030,26.84282960566248,80.95656574670684,YES_SYNTHETIC
IN-04031,26.87305496873055,80.89762370079974,YES_SYNTHETIC
IN-04032,26.936430816180597,80.88015169964143,YES_SYNTHETIC
IN-04033,26.93983063495328,80.8491712245015,YES_SYNTHETIC
IN-04034,26.842925138363366,80.91287356762332,YES_SYNTHETIC
IN-04035,26.83652468278605,80.96033291579616,YES_SYNTHETIC
IN-04036,26.83381783160254,80.92916937006032,YES_SYNTHETIC
IN-04037,26.89324468308266,80.9833752550173,YES_SYNTHETIC
IN-04038,26.913354256407167,80.8961917962479,YES_SYNTHETIC
IN-04039,26.868605701950813,80.96323895707857,YES_SYNTHETIC
IN-04040,26.820647562174535,80.94341150838054,YES_SYNTHETIC
IN-04041,26.809456428661143,80.8745688795234,YES_SYNTHETIC
IN-04042,26.789460242132545,80.86730272928024,YES_SYNTHETIC
IN-04043,26.883313915038023,80.97834547862183,YES_SYNTHETIC
IN-04044,26.936821274315975,80.99213568272945,YES_SYNTHETIC
IN-04045,26.757109167751224,81.0230490347858,YES_SYNTHETIC
IN-04046,26.919235032589143,80.93486406415454,YES_SYNTHETIC
IN-04047,26.863872610105584,81.04141566649452,YES_SYNTHETIC
IN-04048,26.85316087276963,81.02726436567522,YES_SYNTHETIC
IN-04049,26.763307751562035,80.88441037374174,YES_SYNTHETIC
IN-04050,26.834850988688263,80.96315136166747,YES_SYNTHETIC
IN-04051,26.909945570372557,81.04385242302864,YES_SYNTHETIC
IN-04052,26.824470299294823,80.85568312722802,YES_SYNTHETIC
IN-04053,26.906934300659064,80.96707614381657,YES_SYNTHETIC
IN-04054,26.786408571773638,80.94516569132429,YES_SYNTHETIC
IN-04055,26.895162049106744,81.00028235741374,YES_SYNTHETIC
IN-04056,26.846623682399752,80.90724290602577,YES_SYNTHETIC
IN-04057,26.941448516407696,80.97887252219131,YES_SYNTHETIC
IN-04058,26.828347503869256,80.90229264484094,YES_SYNTHETIC
IN-04059,26.89292059660071,80.89463668911876,YES_SYNTHETIC
IN-04060,26.781041997794738,80.95216677779241,YES_SYNTHETIC
IN-04061,26.804697478528826,80.97198102898473,YES_SYNTHETIC
IN-04062,26.770287734974843,80.97718822091348,YES_SYNTHETIC
IN-04063,26.80335930559954,80.8462485868869,YES_SYNTHETIC
IN-04064,26.772087211534835,81.03292307556703,YES_SYNTHETIC
IN-04065,26.92017092782307,80.89292180640726,YES_SYNTHETIC
IN-04066,26.902374380909098,80.9679143186348,YES_SYNTHETIC
IN-04067,26.940880942289972,80.92092113190682,YES_SYNTHETIC
IN-04068,26.88299212250343,80.85890714448479,YES_SYNTHETIC
IN-04069,26.82594946936328,81.03896353223764,YES_SYNTHETIC
IN-04070,26.854496174890023,80.90377590066697,YES_SYNTHETIC
IN-04071,26.77075419262572,80.98690566803631,YES_SYNTHETIC
IN-04072,26.875671208685944,80.92098774272075,YES_SYNTHETIC
IN-04073,26.936888270373164,80.85064056259758,YES_SYNTHETIC
IN-04074,26.807444770326363,81.03041389725992,YES_SYNTHETIC
IN-04075,26.810887087663886,80.89665056677104,YES_SYNTHETIC
IN-04076,26.853544081986247,81.01096034998412,YES_SYNTHETIC
IN-04077,26.767329352175672,81.03480414192916,YES_SYNTHETIC
IN-04078,26.90571457623623,80.88245005111031,YES_SYNTHETIC
IN-04079,26.88910159223963,80.92319174452751,YES_SYNTHETIC
IN-04080,26.827158935615262,81.00285801848777,YES_SYNTHETIC
IN-04081,26.939256961596143,80.87153117456944,YES_SYNTHETIC
IN-04082,26.830826047375762,80.94238832161686,YES_SYNTHETIC
IN-04083,26.821962363391,80.91883782474325,YES_SYNTHETIC
IN-04084,26.757153733512318,80.98330772411254,YES_SYNTHETIC
IN-04085,26.833942883424008,80.8851587605288,YES_SYNTHETIC
IN-04086,26.90990670046041,81.00671214963033,YES_SYNTHETIC
IN-04087,26.843978325617776,80.90589013222956,YES_SYNTHETIC
IN-04088,26.874318545159287,80.90383042715548,YES_SYNTHETIC
IN-04089,26.79390158606474,80.99230293080527,YES_SYNTHETIC
IN-04090,26.75476504794419,80.86515369420692,YES_SYNTHETIC
IN-04091,26.748057634804717,80.87678863729509,YES_SYNTHETIC
IN-04092,26.76049800174209,81.04536047355599,YES_SYNTHETIC
IN-04093,26.804461993990817,80.87605360253386,YES_SYNTHETIC
IN-04094,26.794899251599183,81.03342511430803,YES_SYNTHETIC
IN-04095,26.85073204460488,80.91916361926158,YES_SYNTHETIC
IN-04096,26.921378291581842,80.92519805410981,YES_SYNTHETIC
IN-04097,26.813701713991538,80.88765650450995,YES_SYNTHETIC
IN-04098,26.822259364781882,80.90953687120339,YES_SYNTHETIC
IN-04099,26.882160791859626,80.90411654093415,YES_SYNTHETIC
IN-04100,21.161239949284514,79.0013784330064,YES_SYNTHETIC
IN-04101,21.084057831339305,79.06968105432227,YES_SYNTHETIC
IN-04102,21.23318985078174,79.06365039714314,YES_SYNTHETIC
IN-04103,21.17861482423997,79.03921744448428,YES_SYNTHETIC
IN-04104,21.07120671519465,78.999907320016,YES_SYNTHETIC
IN-04105,21.106882699708553,79.01973220535938,YES_SYNTHETIC
IN-04106,21.080602089603225,79.14035186167739,YES_SYNTHETIC
IN-04107,21.048967614188975,79.09976202514709,YES_SYNTHETIC
IN-04108,21.121692276118694,79.08950999998171,YES_SYNTHETIC
IN-04109,21.15836604744292,79.05087353889145,YES_SYNTHETIC
IN-04110,21.104821772036857,79.13488036986698,YES_SYNTHETIC
IN-04111,21.220055397624233,79.02671632649171,YES_SYNTHETIC
IN-04112,21.06532375210703,79.16775916127841,YES_SYNTHETIC
IN-04113,22.542579092729483,88.37416347813256,YES_SYNTHETIC
IN-04114,22.544508628904,88.28906046726921,YES_SYNTHETIC
IN-04115,22.590466328989546,88.36892817035393,YES_SYNTHETIC
IN-04116,22.51319871183824,88.35427380893046,YES_SYNTHETIC
IN-04117,22.63198950080313,88.38198522062157,YES_SYNTHETIC
IN-04118,22.4919834654134,88.37350429944583,YES_SYNTHETIC
IN-04119,22.61314765985792,88.42244068115615,YES_SYNTHETIC
IN-04120,22.598423515726854,88.29443163290816,YES_SYNTHETIC
IN-04121,22.614634653318035,88.3993683692163,YES_SYNTHETIC
IN-04122,22.477485376588128,88.34624953351805,YES_SYNTHETIC
IN-04123,22.539190049392477,88.39778241285073,YES_SYNTHETIC
IN-04124,22.515827162462184,88.38207438459486,YES_SYNTHETIC
IN-04125,22.655241192362837,88.42346047444173,YES_SYNTHETIC
IN-04126,22.65689154724331,88.45960119338653,YES_SYNTHETIC
IN-04127,22.474734025401233,88.38844825527549,YES_SYNTHETIC
IN-04128,22.55516787955178,88.43587089806702,YES_SYNTHETIC
IN-04129,22.52296294040183,88.46010589782301,YES_SYNTHETIC
IN-04130,22.59534159390875,88.42260748044576,YES_SYNTHETIC
IN-04131,22.489719910564556,88.30059157695177,YES_SYNTHETIC
IN-04132,22.62428073460684,88.26829730440787,YES_SYNTHETIC
IN-04133,22.635975597178756,88.26668980373839,YES_SYNTHETIC
IN-04134,22.604023767812254,88.33691878404636,YES_SYNTHETIC
IN-04135,28.63619897054384,77.24820628139783,YES_SYNTHETIC
IN-04136,28.582395043837263,77.13059248962217,YES_SYNTHETIC
IN-04137,28.527829173549655,77.22678720451252,YES_SYNTHETIC
IN-04138,28.618031070746824,77.25744020182422,YES_SYNTHETIC
IN-04139,28.61584710200079,77.19348915800617,YES_SYNTHETIC
IN-04140,28.593517435647247,77.11428938051954,YES_SYNTHETIC
IN-04141,28.58101144033933,77.3042040315049,YES_SYNTHETIC
IN-04142,28.68861111524542,77.17487561340684,YES_SYNTHETIC
IN-04143,28.631459081013276,77.2784593491071,YES_SYNTHETIC
IN-04144,28.602154867350016,77.11259157275003,YES_SYNTHETIC
IN-04145,28.52880209236373,77.21107854426974,YES_SYNTHETIC
IN-04146,21.23968787513518,79.12684190844378,YES_SYNTHETIC
IN-04147,21.059983238287714,79.02607217515838,YES_SYNTHETIC
IN-04148,21.20006462864337,79.15648795199125,YES_SYNTHETIC
IN-04149,21.16933891723772,79.11708463392597,YES_SYNTHETIC
IN-04150,21.05146749007668,79.15390605191631,YES_SYNTHETIC
IN-04151,21.203455041634168,79.04000702882067,YES_SYNTHETIC
IN-04152,21.1875353439931,79.031170921285,YES_SYNTHETIC
IN-04153,21.053866032210305,79.02842730851808,YES_SYNTHETIC
IN-04154,21.081525775350862,79.05574959934697,YES_SYNTHETIC
IN-04155,21.129489899435093,79.08990777829955,YES_SYNTHETIC
IN-04156,21.141150775101668,79.04233492119306,YES_SYNTHETIC
IN-04157,21.051634133714817,79.10922032444743,YES_SYNTHETIC
IN-04158,21.124948965969473,79.04793443147751,YES_SYNTHETIC
IN-04159,21.219188208566102,79.13754866155963,YES_SYNTHETIC
IN-04160,21.21735310967449,79.0871965589425,YES_SYNTHETIC
IN-04161,21.071986250425358,79.12744428722425,YES_SYNTHETIC
IN-04162,21.087014755987436,79.07644593381835,YES_SYNTHETIC
IN-04163,21.05880015778978,79.15326168048459,YES_SYNTHETIC
IN-04164,21.0709881282095,79.16881950140986,YES_SYNTHETIC
IN-04165,21.218646120452313,79.08111655288785,YES_SYNTHETIC
IN-04166,21.1946736408608,79.11208901476363,YES_SYNTHETIC
IN-04167,21.20641512846755,79.07456102015718,YES_SYNTHETIC
IN-04168,21.20296169684887,79.08069136341302,YES_SYNTHETIC
IN-04169,21.23399315756856,79.08547442016503,YES_SYNTHETIC
IN-04170,21.138323854386748,79.14521437231271,YES_SYNTHETIC
IN-04171,21.21011553835217,79.09909782286424,YES_SYNTHETIC
IN-04172,21.081759562699016,79.08175164619152,YES_SYNTHETIC
IN-04173,21.239414500581937,79.13879723860784,YES_SYNTHETIC
IN-04174,21.208032520775827,78.99476509976385,YES_SYNTHETIC
IN-04175,21.13937189252683,79.11752422673152,YES_SYNTHETIC
IN-04176,21.211806536725618,78.99805473071656,YES_SYNTHETIC
IN-04177,21.216287777128375,79.09788018734838,YES_SYNTHETIC
IN-04178,21.085262794115213,79.05165104328994,YES_SYNTHETIC
IN-04179,21.102185910350315,79.0943718068577,YES_SYNTHETIC
IN-04180,21.056137135982226,79.01990723169999,YES_SYNTHETIC
IN-04181,21.208338608675156,79.01472079814937,YES_SYNTHETIC
IN-04182,21.092479253891625,79.07887412112083,YES_SYNTHETIC
IN-04183,21.149224177622667,79.14092209592283,YES_SYNTHETIC
IN-04184,21.13526648533324,79.14617292420711,YES_SYNTHETIC
IN-04185,21.16946926140909,79.01081994788477,YES_SYNTHETIC
IN-04186,21.07706628767857,79.07560674508996,YES_SYNTHETIC
IN-04187,21.12517787861781,79.13690885392747,YES_SYNTHETIC
IN-04188,21.161947427959472,79.06582661620045,YES_SYNTHETIC
IN-04189,16.440352056690077,80.5933674204651,YES_SYNTHETIC
IN-04190,16.521300203693812,80.63268776097995,YES_SYNTHETIC
IN-04191,16.509185501772134,80.58213548706044,YES_SYNTHETIC
IN-04192,16.53878125046891,80.71850774817119,YES_SYNTHETIC
IN-04193,16.45778790135738,80.64630284516636,YES_SYNTHETIC
IN-04194,16.60130546580418,80.61464834811014,YES_SYNTHETIC
IN-04195,16.525209268984753,80.56603914004005,YES_SYNTHETIC
IN-04196,16.527403000495887,80.56592635466092,YES_SYNTHETIC
IN-04197,16.598047087064764,80.69113253041446,YES_SYNTHETIC
IN-04198,16.56383195762714,80.68882087215432,YES_SYNTHETIC
IN-04199,16.524145807215294,80.6379825562171,YES_SYNTHETIC
IN-04200,16.577874675952213,80.73936713350861,YES_SYNTHETIC
IN-04201,16.506007234580817,80.73430700983104,YES_SYNTHETIC
IN-04202,16.522866581997704,80.65567683737929,YES_SYNTHETIC
IN-04203,16.49709654659107,80.58985755230601,YES_SYNTHETIC
IN-04204,16.40694393216361,80.59630124537121,YES_SYNTHETIC
IN-04205,16.50814463432071,80.62399199045194,YES_SYNTHETIC
IN-04206,16.495897045600525,80.7441296439128,YES_SYNTHETIC
IN-04207,16.476254474133864,80.63843658787202,YES_SYNTHETIC
IN-04208,16.432903110270562,80.55759154648739,YES_SYNTHETIC
IN-04209,16.5612819029185,80.66213663501439,YES_SYNTHETIC
IN-04210,16.558340961208778,80.57797255977731,YES_SYNTHETIC
IN-04211,16.52056575423654,80.59872849486827,YES_SYNTHETIC
IN-04212,16.451812363380004,80.55030520281059,YES_SYNTHETIC
IN-04213,21.071868144713815,79.05005362229994,YES_SYNTHETIC
IN-04214,21.069175752118188,79.18537168808218,YES_SYNTHETIC
IN-04215,21.107526529704792,79.01426478934047,YES_SYNTHETIC
IN-04216,21.085616462565593,79.10574064566829,YES_SYNTHETIC
IN-04217,21.058608704772958,79.16068682602823,YES_SYNTHETIC
IN-04218,21.23809993584743,79.03754948413348,YES_SYNTHETIC
IN-04219,21.135819053718173,78.9926268902059,YES_SYNTHETIC
IN-04220,21.173942044945445,79.07098521161052,YES_SYNTHETIC
IN-04221,21.099811693220314,79.02956742212332,YES_SYNTHETIC
IN-04222,21.176604615531755,79.07144340620647,YES_SYNTHETIC
IN-04223,21.081731857805984,79.12602181629737,YES_SYNTHETIC
IN-04224,21.15881445660734,79.1599344109859,YES_SYNTHETIC
IN-04225,21.0692951797753,79.14533332038889,YES_SYNTHETIC
IN-04226,21.180503357363452,79.01120218736563,YES_SYNTHETIC
IN-04227,21.184764145974345,79.07650945777597,YES_SYNTHETIC
IN-04228,21.23479695711117,79.01652227012357,YES_SYNTHETIC
IN-04229,21.17436667816315,79.0645960090926,YES_SYNTHETIC
IN-04230,21.237162934118178,79.05419497905805,YES_SYNTHETIC
IN-04231,21.238237181898363,79.16849717022015,YES_SYNTHETIC
IN-04232,21.099876647062132,79.14890835536528,YES_SYNTHETIC
IN-04233,21.244920840360702,79.03873260043426,YES_SYNTHETIC
IN-04234,21.133155433864665,79.09223614731336,YES_SYNTHETIC
IN-04235,21.104786227160773,78.99125296792921,YES_SYNTHETIC
IN-04236,21.089825848839507,79.04458737686835,YES_SYNTHETIC
IN-04237,21.13451994026364,79.02242049568268,YES_SYNTHETIC
IN-04238,21.220450871338336,79.12918222654626,YES_SYNTHETIC
IN-04239,26.061540095511933,91.76621849022798,YES_SYNTHETIC
IN-04240,26.175231295281126,91.82744423472872,YES_SYNTHETIC
IN-04241,26.045104174271234,91.68578648996116,YES_SYNTHETIC
IN-04242,26.230058295875065,91.82262678307966,YES_SYNTHETIC
IN-04243,26.188617283874127,91.7893526642095,YES_SYNTHETIC
IN-04244,26.06279659158593,91.73897516695564,YES_SYNTHETIC
IN-04245,26.0908165982578,91.67244360872272,YES_SYNTHETIC
IN-04246,26.206560659824667,91.6632076273361,YES_SYNTHETIC
IN-04247,26.138230327399278,91.8239156479172,YES_SYNTHETIC
IN-04248,26.08166641111307,91.83179868474764,YES_SYNTHETIC
IN-04249,26.24335759715221,91.74732343093648,YES_SYNTHETIC
IN-04250,26.078528548035433,91.69942097758818,YES_SYNTHETIC
IN-04251,26.129398566535308,91.69806484487164,YES_SYNTHETIC
IN-04252,26.100627115975303,91.83064594184327,YES_SYNTHETIC
IN-04253,26.07517296548315,91.78286558174337,YES_SYNTHETIC
IN-04254,26.044582057887837,91.75543653388047,YES_SYNTHETIC
IN-04255,26.22768860079081,91.69378681881864,YES_SYNTHETIC
IN-04256,26.081605195051544,91.76653595897568,YES_SYNTHETIC
IN-04257,26.18702028145968,91.77380610379039,YES_SYNTHETIC
IN-04258,26.108363376004277,91.68664048043186,YES_SYNTHETIC
IN-04259,26.23568375999241,91.82085990165399,YES_SYNTHETIC
IN-04260,26.135963321978565,91.80543877323088,YES_SYNTHETIC
IN-04261,26.13496469552686,91.7210778036145,YES_SYNTHETIC
IN-04262,26.075852589519858,91.7214812112984,YES_SYNTHETIC
IN-04263,26.151983387719962,91.64070086548574,YES_SYNTHETIC
IN-04264,26.133322601035083,91.79247124367903,YES_SYNTHETIC
IN-04265,26.180509211274856,91.76323139777278,YES_SYNTHETIC
IN-04266,26.22641108568744,91.63980640196505,YES_SYNTHETIC
IN-04267,26.15590951723845,91.79366976968194,YES_SYNTHETIC
IN-04268,26.152767076540254,91.70097911051607,YES_SYNTHETIC
IN-04269,26.071750113018396,91.81371261436324,YES_SYNTHETIC
IN-04270,26.13865247847752,91.81182303939714,YES_SYNTHETIC
IN-04271,26.161670424486633,91.77103842332299,YES_SYNTHETIC
IN-04272,25.65495223087569,85.16943110892004,YES_SYNTHETIC
IN-04273,25.57371096813579,85.14032667678573,YES_SYNTHETIC
IN-04274,25.654709104935176,85.1123300592746,YES_SYNTHETIC
IN-04275,25.5717242913537,85.05673802321161,YES_SYNTHETIC
IN-04276,25.67701688704435,85.05580726298909,YES_SYNTHETIC
IN-04277,25.623741835489714,85.12023889576056,YES_SYNTHETIC
IN-04278,25.57522387805109,85.17351036731455,YES_SYNTHETIC
IN-04279,25.507518746525978,85.15634115659029,YES_SYNTHETIC
IN-04280,25.64850635719447,85.20324255157732,YES_SYNTHETIC
IN-04281,25.528206077878757,85.21708381001564,YES_SYNTHETIC
IN-04282,25.62532921836949,85.21397096016415,YES_SYNTHETIC
IN-04283,25.59115614342204,85.14600666901944,YES_SYNTHETIC
IN-04284,25.677907655405736,85.21758190867094,YES_SYNTHETIC
IN-04285,25.583732174673802,85.09248252632715,YES_SYNTHETIC
IN-04286,25.572734086912853,85.11515286570595,YES_SYNTHETIC
IN-04287,25.55147337499656,85.0913159208666,YES_SYNTHETIC
IN-04288,25.666312587295945,85.05157238413693,YES_SYNTHETIC
IN-04289,25.62962223641992,85.0721640102913,YES_SYNTHETIC
IN-04290,25.563001178678814,85.04990860682697,YES_SYNTHETIC
IN-04291,25.548094727371094,85.19128421422346,YES_SYNTHETIC
IN-04292,25.671103064909452,85.08190543038047,YES_SYNTHETIC
IN-04293,25.586809567851784,85.13166480958745,YES_SYNTHETIC
IN-04294,25.668815061151946,85.19015981057517,YES_SYNTHETIC
IN-04295,25.59671544367361,85.17174944009436,YES_SYNTHETIC
IN-04296,25.663571010781876,85.03950779080512,YES_SYNTHETIC
IN-04297,25.57467800621001,85.21904863345542,YES_SYNTHETIC
IN-04298,25.642162606168792,85.14616827486682,YES_SYNTHETIC
IN-04299,25.60002890540703,85.10715401952089,YES_SYNTHETIC
IN-04300,25.598204106728303,85.1686766398927,YES_SYNTHETIC
IN-04301,25.57777260768576,85.18043062927845,YES_SYNTHETIC
IN-04302,25.666346445452078,85.06853696963698,YES_SYNTHETIC
IN-04303,25.584409404563488,85.11920401825702,YES_SYNTHETIC
IN-04304,25.631592960809947,85.0875734930516,YES_SYNTHETIC
IN-04305,25.622150182990456,85.21309784834631,YES_SYNTHETIC
IN-04306,25.577726319958725,85.21980313999585,YES_SYNTHETIC
IN-04307,25.692732747786696,85.0588184099896,YES_SYNTHETIC
IN-04308,25.540710637596973,85.22767595029643,YES_SYNTHETIC
IN-04309,25.685765537296277,85.05714145507736,YES_SYNTHETIC
IN-04310,21.048799700075428,79.02042000465129,YES_SYNTHETIC
IN-04311,21.24500255667645,79.02419992332214,YES_SYNTHETIC
IN-04312,21.146309521344406,79.1578835452861,YES_SYNTHETIC
IN-04313,21.049880322137643,79.10909779645169,YES_SYNTHETIC
IN-04314,21.101205089773927,79.16066698328795,YES_SYNTHETIC
IN-04315,21.102492229852817,79.12555114405639,YES_SYNTHETIC
IN-04316,21.18064392648948,79.03249870977193,YES_SYNTHETIC
IN-04317,21.05275983997367,79.07004991475708,YES_SYNTHETIC
IN-04318,21.103638630393174,79.14999554992274,YES_SYNTHETIC
IN-04319,21.20587283769107,79.07960479043852,YES_SYNTHETIC
IN-04320,21.167102445064646,79.10905190319738,YES_SYNTHETIC
IN-04321,21.211231629685525,79.07320048282465,YES_SYNTHETIC
IN-04322,21.100889335958104,79.04120698362811,YES_SYNTHETIC
IN-04323,21.153038455856443,79.07802964054645,YES_SYNTHETIC
IN-04324,21.13382415419699,79.00642746781794,YES_SYNTHETIC
IN-04325,21.18952074813804,79.03094733759639,YES_SYNTHETIC
IN-04326,21.085190726041745,79.07075166405548,YES_SYNTHETIC
IN-04327,21.091355668323562,79.1049716534616,YES_SYNTHETIC
IN-04328,21.120092667866896,79.07798234451856,YES_SYNTHETIC
IN-04329,21.153233864320807,79.02890710449635,YES_SYNTHETIC
IN-04330,21.076950324573108,79.16428438057473,YES_SYNTHETIC
IN-04331,21.132544740566285,79.07061872192651,YES_SYNTHETIC
IN-04332,21.05292243005457,79.08779526051748,YES_SYNTHETIC
IN-04333,21.156633944322202,79.09996817419093,YES_SYNTHETIC
IN-04334,21.18720623386458,79.02369636699821,YES_SYNTHETIC
IN-04335,21.096244626846126,79.15034609304608,YES_SYNTHETIC
IN-04336,21.23523412336868,79.01538654947346,YES_SYNTHETIC
IN-04337,21.145329910901044,79.03103525054792,YES_SYNTHETIC
IN-04338,21.057814633670997,79.05330066762522,YES_SYNTHETIC
IN-04339,21.074537525036845,79.13018661468685,YES_SYNTHETIC
IN-04340,21.15254508273429,79.01696689419806,YES_SYNTHETIC
IN-04341,21.047648317681105,79.14983140980485,YES_SYNTHETIC
IN-04342,21.08103888123285,79.10944332844416,YES_SYNTHETIC
IN-04343,21.11318438261535,79.10529718766301,YES_SYNTHETIC
IN-04344,22.985630725396465,72.48878791213845,YES_SYNTHETIC
IN-04345,22.96709000171155,72.5090117132958,YES_SYNTHETIC
IN-04346,23.00810387048793,72.60305675668523,YES_SYNTHETIC
IN-04347,22.975261214989274,72.47381398706013,YES_SYNTHETIC
IN-04348,23.026287472852953,72.59255189787179,YES_SYNTHETIC
IN-04349,23.115074098800363,72.58929416061865,YES_SYNTHETIC
IN-04350,23.01673451187563,72.58608032517954,YES_SYNTHETIC
IN-04351,23.108080125972407,72.63707562912033,YES_SYNTHETIC
IN-04352,22.98709574667276,72.51885087273142,YES_SYNTHETIC
IN-04353,22.975026722473217,72.57228420794304,YES_SYNTHETIC
IN-04354,23.071309890245715,72.5720438414366,YES_SYNTHETIC
IN-04355,22.936059279165622,72.616116140088,YES_SYNTHETIC
IN-04356,23.083694025734193,72.52929957302393,YES_SYNTHETIC
IN-04357,23.05532514785667,72.55671838021088,YES_SYNTHETIC
IN-04358,23.100323871145488,72.64044511163215,YES_SYNTHETIC
IN-04359,23.027586399661928,72.60970110916271,YES_SYNTHETIC
IN-04360,23.099169940204423,72.57054340201566,YES_SYNTHETIC
IN-04361,22.985150148097766,72.62213322758191,YES_SYNTHETIC
IN-04362,22.96651325095694,72.54910622960121,YES_SYNTHETIC
IN-04363,23.095645447421358,72.61628446805386,YES_SYNTHETIC
IN-04364,23.003262201049502,72.51434890048166,YES_SYNTHETIC
IN-04365,22.993693678166448,72.52822082984548,YES_SYNTHETIC
IN-04366,22.957717857588772,72.62006658271312,YES_SYNTHETIC
IN-04367,22.972913977370034,72.56223349403355,YES_SYNTHETIC
IN-04368,22.99967188936722,72.66781547572712,YES_SYNTHETIC
IN-04369,23.000718448829645,72.48739649655934,YES_SYNTHETIC
IN-04370,22.940465150514417,72.58955074427061,YES_SYNTHETIC
IN-04371,23.042372710347653,72.55515179809653,YES_SYNTHETIC
IN-04372,23.008868738462407,72.48218651656818,YES_SYNTHETIC
IN-04373,23.025809302077853,72.57234789507606,YES_SYNTHETIC
IN-04374,22.952409863711388,72.49216787722219,YES_SYNTHETIC
IN-04375,22.947214498119898,72.49160564929825,YES_SYNTHETIC
IN-04376,23.044441639107355,72.51069653048059,YES_SYNTHETIC
IN-04377,21.096086030437494,79.02291442883029,YES_SYNTHETIC
IN-04378,21.237367060889703,79.15912349263037,YES_SYNTHETIC
IN-04379,21.091898967470307,79.05371325878443,YES_SYNTHETIC
IN-04380,21.087778568461,79.08657519189217,YES_SYNTHETIC
IN-04381,21.04972210649485,79.12247360177936,YES_SYNTHETIC
IN-04382,21.15043162996353,79.16792778566023,YES_SYNTHETIC
IN-04383,21.078678536865684,79.14902184921223,YES_SYNTHETIC
IN-04384,21.204192202893346,79.01363623784337,YES_SYNTHETIC
IN-04385,21.125511844828825,79.0222305282289,YES_SYNTHETIC
IN-04386,21.09674410009151,79.0408492349661,YES_SYNTHETIC
IN-04387,21.157047278805155,79.0704821863521,YES_SYNTHETIC
IN-04388,21.23534656080126,79.0134740283894,YES_SYNTHETIC
IN-04389,21.24053842697004,79.03432772804285,YES_SYNTHETIC
IN-04390,21.20037478727637,79.05599398523457,YES_SYNTHETIC
IN-04391,21.074416279083465,79.15977783704925,YES_SYNTHETIC
IN-04392,21.107572179847296,79.11997108084537,YES_SYNTHETIC
IN-04393,21.159088737017328,79.08255126187818,YES_SYNTHETIC
IN-04394,21.14496389452971,79.13464758281846,YES_SYNTHETIC
IN-04395,21.06335458282469,79.12183613239158,YES_SYNTHETIC
IN-04396,21.224962420279716,78.99975763940397,YES_SYNTHETIC
IN-04397,21.073930667846735,79.1315263873404,YES_SYNTHETIC
IN-04398,21.133256329648926,79.06890972416274,YES_SYNTHETIC
IN-04399,21.07319332690885,79.08955400814355,YES_SYNTHETIC
IN-04400,21.071109062239277,79.0835240912621,YES_SYNTHETIC
IN-04401,21.198523059792333,79.03985287157744,YES_SYNTHETIC
IN-04402,21.141957233635946,79.18660319387936,YES_SYNTHETIC
IN-04403,21.183130084670807,79.15647135426104,YES_SYNTHETIC
IN-04404,21.128769521312112,79.14177218462517,YES_SYNTHETIC
IN-04405,21.053901834588267,79.01278223650844,YES_SYNTHETIC
IN-04406,21.086414118584013,79.06859038492304,YES_SYNTHETIC
IN-04407,21.214948975665155,79.05745321015759,YES_SYNTHETIC
IN-04408,21.176724238703095,79.1300628589607,YES_SYNTHETIC
IN-04409,21.16303647081767,79.05964839363403,YES_SYNTHETIC
IN-04410,21.16121066834271,79.05665311855795,YES_SYNTHETIC
IN-04411,21.062574747710403,79.1867607956372,YES_SYNTHETIC
IN-04412,21.071236490726502,79.00266967676721,YES_SYNTHETIC
IN-04413,21.22150614984143,79.04856693217857,YES_SYNTHETIC
IN-04414,21.175859394814704,79.05400114593245,YES_SYNTHETIC
IN-04415,21.124090854158897,79.04062259440336,YES_SYNTHETIC
IN-04416,21.114408801158604,79.0703400801173,YES_SYNTHETIC
IN-04417,21.18988321381847,79.09050723884695,YES_SYNTHETIC
IN-04418,21.234513043431395,78.99657607876776,YES_SYNTHETIC
IN-04419,21.146413664526406,79.10504495776634,YES_SYNTHETIC
IN-04420,21.229839397214857,78.99803170472428,YES_SYNTHETIC
IN-04421,21.160499916987046,79.1589259857056,YES_SYNTHETIC
IN-04422,21.094185545623848,79.16345846970479,YES_SYNTHETIC
IN-04423,21.04960868185486,79.13469092582675,YES_SYNTHETIC
IN-04424,21.232422644233733,79.11963953232801,YES_SYNTHETIC
IN-04425,21.13360584879609,78.99717620329454,YES_SYNTHETIC
IN-04426,21.229822762664526,79.08225924453832,YES_SYNTHETIC
IN-04427,21.051599348867192,79.12616421426576,YES_SYNTHETIC
IN-04428,21.142167450715252,79.01306906348849,YES_SYNTHETIC
IN-04429,21.08865436186205,79.00109813609117,YES_SYNTHETIC
IN-04430,21.160658707941717,79.11260589585041,YES_SYNTHETIC
IN-04431,21.14694845967109,79.15162042660053,YES_SYNTHETIC
IN-04432,21.218001764261604,79.11132487933662,YES_SYNTHETIC
IN-04433,21.048351295941487,79.12724593114955,YES_SYNTHETIC
IN-04434,21.12939984338407,79.10131149664528,YES_SYNTHETIC
IN-04435,13.001416120403777,77.56464732286541,YES_SYNTHETIC
IN-04436,13.05501970103436,77.52139497334996,YES_SYNTHETIC
IN-04437,13.005902361456208,77.49547191599132,YES_SYNTHETIC
IN-04438,13.056530221081037,77.51710082664762,YES_SYNTHETIC
IN-04439,12.890576846029516,77.56120152661045,YES_SYNTHETIC
IN-04440,12.946313257207816,77.53746001446457,YES_SYNTHETIC
IN-04441,12.988624332185426,77.5831828196084,YES_SYNTHETIC
IN-04442,12.878435117808218,77.55853041245106,YES_SYNTHETIC
IN-04443,13.033686582714635,77.63254030697237,YES_SYNTHETIC
IN-04444,13.016574170715977,77.6342233848167,YES_SYNTHETIC
IN-04445,12.933794604276606,77.51453278441535,YES_SYNTHETIC
IN-04446,12.92609343680662,77.66095706003703,YES_SYNTHETIC
IN-04447,13.067694159556615,77.59336940294831,YES_SYNTHETIC
IN-04448,12.873540070984609,77.52260896242684,YES_SYNTHETIC
IN-04449,12.936016115063254,77.61031706971859,YES_SYNTHETIC
IN-04450,12.886618729161063,77.68327145974197,YES_SYNTHETIC
IN-04451,12.944616734656881,77.67711684358497,YES_SYNTHETIC
IN-04452,13.027704360551406,77.64568745450312,YES_SYNTHETIC
IN-04453,12.992943915956447,77.61995676341037,YES_SYNTHETIC
IN-04454,12.99920064704325,77.62034427740511,YES_SYNTHETIC
IN-04455,12.982345646279672,77.69188280369657,YES_SYNTHETIC
IN-04456,13.01805811348514,77.6499892776785,YES_SYNTHETIC
IN-04457,13.046092563016735,77.53772795254517,YES_SYNTHETIC
IN-04458,12.888360831819012,77.59117888731971,YES_SYNTHETIC
IN-04459,12.974416139123855,77.66043635598999,YES_SYNTHETIC
IN-04460,12.960356715856468,77.60877060510886,YES_SYNTHETIC
IN-04461,12.977014187702693,77.50224055675147,YES_SYNTHETIC
IN-04462,12.994642979319384,77.66020865715485,YES_SYNTHETIC
IN-04463,12.903100109615162,77.61346634678532,YES_SYNTHETIC
IN-04464,12.990322108889284,77.52743699281127,YES_SYNTHETIC
IN-04465,21.07049271474615,79.1842103885953,YES_SYNTHETIC
IN-04466,21.12454383393061,79.0336843457447,YES_SYNTHETIC
IN-04467,21.080064908890876,79.12172034271664,YES_SYNTHETIC
IN-04468,21.167689059465456,79.11691042459748,YES_SYNTHETIC
IN-04469,21.06340120550229,79.16690691669969,YES_SYNTHETIC
IN-04470,21.12365327936181,79.05087388128607,YES_SYNTHETIC
IN-04471,21.13827228944955,79.06621321314952,YES_SYNTHETIC
IN-04472,21.21851540062783,79.17405219503958,YES_SYNTHETIC
IN-04473,21.106490643289924,79.16098716149199,YES_SYNTHETIC
IN-04474,21.202104625906614,79.17436153446896,YES_SYNTHETIC
IN-04475,21.094950062437178,79.1035918300242,YES_SYNTHETIC
IN-04476,21.10070891694809,79.15301889809687,YES_SYNTHETIC
IN-04477,21.046864838114214,79.10116383257729,YES_SYNTHETIC
IN-04478,21.113640686254385,79.05273674141556,YES_SYNTHETIC
IN-04479,23.288881264772982,77.4828968898628,YES_SYNTHETIC
IN-04480,23.28173907827866,77.48323459572934,YES_SYNTHETIC
IN-04481,23.212819422376203,77.41650037095299,YES_SYNTHETIC
IN-04482,23.250007307813412,77.31492897990061,YES_SYNTHETIC
IN-04483,23.271262428628145,77.44490486482923,YES_SYNTHETIC
IN-04484,23.27828288088381,77.45985597975668,YES_SYNTHETIC
IN-04485,23.274167905690614,77.32595005097015,YES_SYNTHETIC
IN-04486,23.18318910481694,77.43189491550879,YES_SYNTHETIC
IN-04487,23.214895838394725,77.32852902580694,YES_SYNTHETIC
IN-04488,23.245820548689707,77.42346451961673,YES_SYNTHETIC
IN-04489,23.22564919766992,77.45668674044515,YES_SYNTHETIC
IN-04490,23.288654121620247,77.37916367221833,YES_SYNTHETIC
IN-04491,23.31087450578171,77.44233900850661,YES_SYNTHETIC
IN-04492,23.28738907574358,77.42328554015741,YES_SYNTHETIC
IN-04493,23.16217793361771,77.45190143669538,YES_SYNTHETIC
IN-04494,23.23510835822183,77.50112194203173,YES_SYNTHETIC
IN-04495,23.32349695421544,77.43013889390626,YES_SYNTHETIC
IN-04496,23.210336396363854,77.35334347865553,YES_SYNTHETIC
IN-04497,23.227976967535508,77.407913588716,YES_SYNTHETIC
IN-04498,23.21911310200779,77.4155858990785,YES_SYNTHETIC
IN-04499,23.192974085102634,77.5081425625651,YES_SYNTHETIC
IN-04500,23.181484910992996,77.49898882793087,YES_SYNTHETIC
IN-04501,23.34261560228054,77.4176720963639,YES_SYNTHETIC
IN-04502,23.304882054367216,77.39980965959451,YES_SYNTHETIC
IN-04503,23.285906915508487,77.38071518748423,YES_SYNTHETIC
IN-04504,23.220131803957088,77.4282459572339,YES_SYNTHETIC
IN-04505,23.259525934836795,77.42850727383,YES_SYNTHETIC
IN-04506,23.217232116257403,77.3859915663634,YES_SYNTHETIC
IN-04507,23.17667959212578,77.32305527445443,YES_SYNTHETIC
IN-04508,23.210591425934602,77.32744937186611,YES_SYNTHETIC
IN-04509,23.180654941726946,77.47518568107878,YES_SYNTHETIC
IN-04510,23.167674739403335,77.44438855878694,YES_SYNTHETIC
IN-04511,23.214411549763078,77.48690913614162,YES_SYNTHETIC
IN-04512,23.256898456915497,77.37371529186557,YES_SYNTHETIC
IN-04513,23.263427787137886,77.38899160380905,YES_SYNTHETIC
IN-04514,23.272760212933964,77.33550657366527,YES_SYNTHETIC
IN-04515,23.35929810056251,77.39771117553934,YES_SYNTHETIC
IN-04516,23.22954612794147,77.45464196966326,YES_SYNTHETIC
IN-04517,23.232679881299063,77.47925486100574,YES_SYNTHETIC
IN-04518,23.250754144872083,77.45651168265309,YES_SYNTHETIC
IN-04519,23.181390643288374,77.48182383711102,YES_SYNTHETIC
IN-04520,23.30704359735562,77.35494335569238,YES_SYNTHETIC
IN-04521,23.188957201949155,77.37585846974513,YES_SYNTHETIC
IN-04522,23.35511411720638,77.36396631491341,YES_SYNTHETIC
IN-04523,23.251125441789323,77.31860404514346,YES_SYNTHETIC
IN-04524,23.239345505913246,77.42686400308662,YES_SYNTHETIC
IN-04525,23.35052492250159,77.41594720898802,YES_SYNTHETIC
IN-04526,23.323721465235536,77.42202552851377,YES_SYNTHETIC
IN-04527,23.168057002687103,77.37560165503795,YES_SYNTHETIC
IN-04528,23.275009901566218,77.50271879318622,YES_SYNTHETIC
IN-04529,23.331726071950246,77.35827112283577,YES_SYNTHETIC
IN-04530,23.203921966003833,77.35283459342278,YES_SYNTHETIC
IN-04531,23.3443997792605,77.48313323062034,YES_SYNTHETIC
IN-04532,23.31487668645059,77.39114702284485,YES_SYNTHETIC
IN-04533,19.076876140859753,72.87056634895903,YES_SYNTHETIC
IN-04534,19.026679621511875,72.87870560922975,YES_SYNTHETIC
IN-04535,18.98209930957055,72.8040620746995,YES_SYNTHETIC
IN-04536,19.15331791923379,72.9280359534063,YES_SYNTHETIC
IN-04537,19.060573681811817,72.88113007245678,YES_SYNTHETIC
IN-04538,19.049999777191996,72.92585597343214,YES_SYNTHETIC
IN-04539,19.132837435846415,72.93035703804064,YES_SYNTHETIC
IN-04540,19.12052234496689,72.81860086773857,YES_SYNTHETIC
IN-04541,19.043593995848095,72.87166908699673,YES_SYNTHETIC
IN-04542,19.042158598285532,72.92868804003167,YES_SYNTHETIC
IN-04543,19.04187070484999,72.80534641735707,YES_SYNTHETIC
IN-04544,19.055808090409663,72.97368288655647,YES_SYNTHETIC
IN-04545,19.021176282586715,72.90013173178865,YES_SYNTHETIC
IN-04546,19.06259460996794,72.79190491352988,YES_SYNTHETIC
IN-04547,19.073575321199613,72.91813286572966,YES_SYNTHETIC
IN-04548,19.078643995165564,72.95212121274932,YES_SYNTHETIC
IN-04549,19.033787403331516,72.79494983426079,YES_SYNTHETIC
IN-04550,19.1633131223316,72.85333926990565,YES_SYNTHETIC
IN-04551,19.091281110290726,72.93610062522605,YES_SYNTHETIC
IN-04552,19.040862732775118,72.92093290763553,YES_SYNTHETIC
IN-04553,19.003083769963567,72.8359587494411,YES_SYNTHETIC
IN-04554,19.004942127227306,72.93994611168027,YES_SYNTHETIC
IN-04555,19.020529847045356,72.92118071108105,YES_SYNTHETIC
IN-04556,19.16465967944913,72.88325444181378,YES_SYNTHETIC
IN-04557,19.08400583845214,72.86990671361957,YES_SYNTHETIC
IN-04558,19.04117802867873,72.87283100618498,YES_SYNTHETIC
IN-04559,19.09656150645335,72.97489831443414,YES_SYNTHETIC
IN-04560,19.163552911863647,72.95013059165863,YES_SYNTHETIC
IN-04561,19.153826107140972,72.87126983665841,YES_SYNTHETIC
IN-04562,19.107488865435492,72.95671334458724,YES_SYNTHETIC
IN-04563,19.054590152998273,72.9700524956691,YES_SYNTHETIC
IN-04564,19.059157212413837,72.89791653307864,YES_SYNTHETIC
IN-04565,19.117960942654474,72.9678184026152,YES_SYNTHETIC
IN-04566,19.024923254810453,72.92692619564774,YES_SYNTHETIC
IN-04567,19.080163117228818,72.83141142812413,YES_SYNTHETIC
IN-04568,19.131321367959277,72.88814445603478,YES_SYNTHETIC
IN-04569,21.177994764129938,79.05278021371558,YES_SYNTHETIC
IN-04570,21.14205479036552,79.11167085019761,YES_SYNTHETIC
IN-04571,21.12678216285397,79.02787450796954,YES_SYNTHETIC
IN-04572,21.23812809846306,79.09049350800852,YES_SYNTHETIC
IN-04573,21.192584074057542,79.07040943871121,YES_SYNTHETIC
IN-04574,21.116826352805145,79.06963285969343,YES_SYNTHETIC
IN-04575,21.12763932875713,79.0970360231884,YES_SYNTHETIC
IN-04576,21.154493973996274,79.08763076317658,YES_SYNTHETIC
IN-04577,21.07275715698349,79.08741509570011,YES_SYNTHETIC
IN-04578,21.07962078008413,79.01342715725916,YES_SYNTHETIC
IN-04579,21.232329143468235,79.10919000262955,YES_SYNTHETIC
IN-04580,21.17769801162492,79.06855873406667,YES_SYNTHETIC
IN-04581,21.227596178382974,79.11578609791593,YES_SYNTHETIC
IN-04582,21.199633973904717,79.06191249380554,YES_SYNTHETIC
IN-04583,21.237802376163827,79.15229225803166,YES_SYNTHETIC
IN-04584,21.21658969260291,79.02263885348515,YES_SYNTHETIC
IN-04585,21.099992641574246,79.04532531993672,YES_SYNTHETIC
IN-04586,21.099981844649374,79.15928163242086,YES_SYNTHETIC
IN-04587,21.05217695904172,79.00341999779616,YES_SYNTHETIC
IN-04588,21.10058297412598,79.0281745949299,YES_SYNTHETIC
IN-04589,21.092171922776572,79.14778863785067,YES_SYNTHETIC
IN-04590,21.15842531877841,78.9893541322586,YES_SYNTHETIC
IN-04591,21.13166455314084,79.06977698537007,YES_SYNTHETIC
IN-04592,21.06858905388891,79.12342835772029,YES_SYNTHETIC
IN-04593,21.1862194376759,79.13237864381043,YES_SYNTHETIC
IN-04594,21.19149418911172,78.98821056538645,YES_SYNTHETIC
IN-04595,21.236584160769347,79.15104175341094,YES_SYNTHETIC
IN-04596,21.226596339317858,78.99132865906148,YES_SYNTHETIC
IN-04597,21.23257175915715,79.15015770573763,YES_SYNTHETIC
IN-04598,21.21324382859174,79.00685747694439,YES_SYNTHETIC
IN-04599,21.19355560578372,79.18018333792841,YES_SYNTHETIC
IN-04600,21.181509468283632,79.10231228092492,YES_SYNTHETIC
IN-04601,21.2349259355498,79.07678742434689,YES_SYNTHETIC
IN-04602,21.165658713262097,79.08346765869888,YES_SYNTHETIC
IN-04603,21.23236924427206,79.0034169453531,YES_SYNTHETIC
IN-04604,21.146023940165072,79.12559048827708,YES_SYNTHETIC
IN-04605,21.204181307684447,79.10480372948882,YES_SYNTHETIC
IN-04606,21.227583548824292,79.17659828937677,YES_SYNTHETIC
IN-04607,21.05866384463872,79.06867410790828,YES_SYNTHETIC
IN-04608,21.050491804344233,79.05408333147489,YES_SYNTHETIC
IN-04609,21.153173643594123,79.17035898610199,YES_SYNTHETIC
IN-04610,21.21511086449308,79.0136999453344,YES_SYNTHETIC
IN-04611,21.06440607494818,79.10605346775134,YES_SYNTHETIC
IN-04612,21.15222359449176,79.041475528286,YES_SYNTHETIC
IN-04613,21.225690616910768,79.1736732818923,YES_SYNTHETIC
IN-04614,21.126322287668035,79.1662605114227,YES_SYNTHETIC
IN-04615,21.122589778852596,79.13556336636594,YES_SYNTHETIC
IN-04616,21.140988443509546,79.01271663130144,YES_SYNTHETIC
IN-04617,21.231386840247406,79.0790193186755,YES_SYNTHETIC
IN-04618,21.192697408064483,79.06163476288626,YES_SYNTHETIC
IN-04619,21.04957617571525,79.00830607173837,YES_SYNTHETIC
IN-04620,21.145043895897984,79.12619287142527,YES_SYNTHETIC
IN-04621,21.112747065315858,79.12729769183554,YES_SYNTHETIC
IN-04622,21.18552711788639,79.12898718146556,YES_SYNTHETIC
IN-04623,21.144304370804104,79.1711772300243,YES_SYNTHETIC
IN-04624,21.143639303596125,79.07825303869933,YES_SYNTHETIC
IN-04625,21.085676163802127,79.04973101747127,YES_SYNTHETIC
IN-04626,21.054266898503663,79.11490705872323,YES_SYNTHETIC
IN-04627,21.09550714878542,79.0490310508971,YES_SYNTHETIC
IN-04628,21.199962904332864,79.0536442366323,YES_SYNTHETIC
IN-04629,21.09423917840263,79.02201154982674,YES_SYNTHETIC
IN-04630,21.200771680436393,79.014141251598,YES_SYNTHETIC
IN-04631,21.136550752050073,79.08958602321545,YES_SYNTHETIC
IN-04632,21.183277982537145,79.1148566964666,YES_SYNTHETIC
IN-04633,21.207944134589034,78.99715028678524,YES_SYNTHETIC
IN-04634,21.105088144955882,79.04422682375508,YES_SYNTHETIC
IN-04635,21.075003381118425,79.04603565077129,YES_SYNTHETIC
IN-04636,21.107753062828582,79.0925768923855,YES_SYNTHETIC
IN-04637,21.178540895785254,79.06442010272237,YES_SYNTHETIC
IN-04638,21.189694046262677,79.05543306771591,YES_SYNTHETIC
IN-04639,21.103856735462955,79.09643761117141,YES_SYNTHETIC
IN-04640,21.05054327206116,79.0041578247268,YES_SYNTHETIC
IN-04641,21.129393908717308,79.17678254227835,YES_SYNTHETIC
IN-04642,21.190102355968687,79.00582531390012,YES_SYNTHETIC
IN-04643,21.215063602556175,79.13466015412163,YES_SYNTHETIC
IN-04644,26.934589305140534,75.85135859212184,YES_SYNTHETIC
IN-04645,26.893221969548595,75.73160021017077,YES_SYNTHETIC
IN-04646,26.914804677821753,75.7970683511187,YES_SYNTHETIC
IN-04647,26.920065274401985,75.80031475829603,YES_SYNTHETIC
IN-04648,27.002140983647838,75.86774912461925,YES_SYNTHETIC
IN-04649,26.98754340731179,75.84758336218172,YES_SYNTHETIC
IN-04650,27.001085621453058,75.70699892833588,YES_SYNTHETIC
IN-04651,26.86542465228915,75.78631118913091,YES_SYNTHETIC
IN-04652,26.981706898624683,75.78833314230455,YES_SYNTHETIC
IN-04653,26.962006947868318,75.71509198104978,YES_SYNTHETIC
IN-04654,26.862882762595312,75.83365521900754,YES_SYNTHETIC
IN-04655,26.845346801777545,75.75757118693099,YES_SYNTHETIC
IN-04656,26.865373251562715,75.7572723388445,YES_SYNTHETIC
IN-04657,26.954064809815595,75.76086943622856,YES_SYNTHETIC
IN-04658,26.92345266452159,75.70728637541089,YES_SYNTHETIC
IN-04659,26.973403538646927,75.76127772512963,YES_SYNTHETIC
IN-04660,26.94210683180667,75.83237792033236,YES_SYNTHETIC
IN-04661,26.854332184422343,75.86423499699067,YES_SYNTHETIC
IN-04662,26.935644850321392,75.7730450283503,YES_SYNTHETIC
IN-04663,26.848867036715646,75.87576018758024,YES_SYNTHETIC
IN-04664,26.963413640826328,75.72890491254665,YES_SYNTHETIC
IN-04665,26.879942154944846,75.84923485161762,YES_SYNTHETIC
IN-04666,26.95153553264307,75.84045685854315,YES_SYNTHETIC
IN-04667,26.90064022044259,75.83059525252844,YES_SYNTHETIC
IN-04668,26.889698744572783,75.72955258338764,YES_SYNTHETIC
IN-04669,26.938935406968273,75.88250278511975,YES_SYNTHETIC
IN-04670,26.874520194279068,75.77949391844251,YES_SYNTHETIC
IN-04671,26.947200274213973,75.7956012564245,YES_SYNTHETIC
IN-04672,26.98108555914181,75.83964854129391,YES_SYNTHETIC
IN-04673,26.824059440772473,75.88698424678476,YES_SYNTHETIC
IN-04674,26.962880490743895,75.86008066325883,YES_SYNTHETIC
IN-04675,26.94263954241907,75.85855702560936,YES_SYNTHETIC
IN-04676,26.834876594985744,75.75684756711186,YES_SYNTHETIC
IN-04677,26.987684188720902,75.72763104225338,YES_SYNTHETIC
IN-04678,26.828048419716005,75.84492378798905,YES_SYNTHETIC
IN-04679,26.97949723112866,75.71983044363799,YES_SYNTHETIC
IN-04680,26.983269196556545,75.82465355911944,YES_SYNTHETIC
IN-04681,26.916416536643318,75.85335003855627,YES_SYNTHETIC
IN-04682,26.896249849863796,75.72609879124468,YES_SYNTHETIC
IN-04683,26.869370535322126,75.78833280365866,YES_SYNTHETIC
IN-04684,26.918666158534638,75.84841616528824,YES_SYNTHETIC
IN-04685,26.970670544730467,75.80357331144091,YES_SYNTHETIC
IN-04686,26.9685570966731,75.72565469165873,YES_SYNTHETIC
IN-04687,26.82241290541866,75.86202676452695,YES_SYNTHETIC
IN-04688,26.827510898752557,75.7366376859488,YES_SYNTHETIC
IN-04689,26.95146378992488,75.76918958752546,YES_SYNTHETIC
IN-04690,26.9876627939831,75.74689595893246,YES_SYNTHETIC
IN-04691,26.814774269333874,75.74743112811215,YES_SYNTHETIC
IN-04692,21.16141500983697,79.06338767508066,YES_SYNTHETIC
IN-04693,21.15277455115175,79.163519623767,YES_SYNTHETIC
IN-04694,21.228297010846074,79.04139481293082,YES_SYNTHETIC
IN-04695,21.138228094653982,79.0980288030483,YES_SYNTHETIC
IN-04696,21.23562249137765,79.18792346383287,YES_SYNTHETIC
IN-04697,21.092881449768306,79.13359597426917,YES_SYNTHETIC
IN-04698,13.05830621244664,80.17232163937724,YES_SYNTHETIC
IN-04699,12.984550504487181,80.26281320151246,YES_SYNTHETIC
IN-04700,13.080366982600868,80.17521393931469,YES_SYNTHETIC
IN-04701,13.120085483354861,80.229500677719,YES_SYNTHETIC
IN-04702,13.09467862030719,80.23088381463309,YES_SYNTHETIC
IN-04703,13.016126862973863,80.25213474771978,YES_SYNTHETIC
IN-04704,13.029154672958102,80.27766019538385,YES_SYNTHETIC
IN-04705,13.022465706057297,80.27238119532893,YES_SYNTHETIC
IN-04706,13.014175702973775,80.30489494189716,YES_SYNTHETIC
IN-04707,13.133487536888286,80.19277884684999,YES_SYNTHETIC
IN-04708,13.076260482407468,80.18487434013097,YES_SYNTHETIC
IN-04709,13.102336489108401,80.22358085958594,YES_SYNTHETIC
IN-04710,13.088224891367743,80.27419220187686,YES_SYNTHETIC
IN-04711,13.16757086923876,80.28051664451375,YES_SYNTHETIC
IN-04712,13.099299695943664,80.25103062515288,YES_SYNTHETIC
IN-04713,13.172515920636565,80.32613718188793,YES_SYNTHETIC
IN-04714,13.03978105806057,80.33954191715524,YES_SYNTHETIC
IN-04715,13.069179272037019,80.33643342870673,YES_SYNTHETIC
IN-04716,13.147277613658702,80.20847403735257,YES_SYNTHETIC
IN-04717,13.122928226276716,80.22882859386131,YES_SYNTHETIC
IN-04718,13.042198533998535,80.22996961537612,YES_SYNTHETIC
IN-04719,13.12781364951199,80.2166652083585,YES_SYNTHETIC
IN-04720,12.98288116704922,80.31374737069653,YES_SYNTHETIC
IN-04721,13.016936948767025,80.19159647906157,YES_SYNTHETIC
IN-04722,13.030203224118813,80.24668010446455,YES_SYNTHETIC
IN-04723,13.077881265494641,80.17961400814254,YES_SYNTHETIC
IN-04724,13.176814666525473,80.31391261068391,YES_SYNTHETIC
IN-04725,13.047338813064869,80.23443945145708,YES_SYNTHETIC
IN-04726,13.072408509873693,80.29594896455261,YES_SYNTHETIC
IN-04727,13.011974613317795,80.208485962753,YES_SYNTHETIC
IN-04728,13.15458691656671,80.22195098477782,YES_SYNTHETIC
IN-04729,13.058738999595036,80.34495437019002,YES_SYNTHETIC
IN-04730,13.115329565879966,80.23904237586834,YES_SYNTHETIC
IN-04731,13.119439909144925,80.17463664307628,YES_SYNTHETIC
IN-04732,13.129828532002273,80.26810320810326,YES_SYNTHETIC
IN-04733,13.145336429456894,80.3616275304013,YES_SYNTHETIC
IN-04734,13.167857709898914,80.35255300869107,YES_SYNTHETIC
IN-04735,17.38743399118678,78.45872842282779,YES_SYNTHETIC
IN-04736,17.378007064946136,78.52467920066267,YES_SYNTHETIC
IN-04737,17.46179955537424,78.42809726060003,YES_SYNTHETIC
IN-04738,17.468638631692343,78.54973604639397,YES_SYNTHETIC
IN-04739,17.480771203035648,78.56275035465633,YES_SYNTHETIC
IN-04740,17.340987465938383,78.40789118226881,YES_SYNTHETIC
IN-04741,17.30744821439832,78.44494466371566,YES_SYNTHETIC
IN-04742,17.40783674479691,78.54756406521943,YES_SYNTHETIC
IN-04743,17.464850061396316,78.51145067687385,YES_SYNTHETIC
IN-04744,17.28612626254961,78.42396335530371,YES_SYNTHETIC
IN-04745,17.304945240770675,78.45936489511381,YES_SYNTHETIC
IN-04746,17.38527019872675,78.39537943571571,YES_SYNTHETIC
IN-04747,17.354695595159132,78.42253593492507,YES_SYNTHETIC
IN-04748,17.414414033251777,78.47955447386487,YES_SYNTHETIC
IN-04749,17.384063529386783,78.47223835760668,YES_SYNTHETIC
IN-04750,17.476203942097314,78.42964702502431,YES_SYNTHETIC
IN-04751,17.388332851968777,78.53390347367306,YES_SYNTHETIC
IN-04752,17.396368882626913,78.57250417714336,YES_SYNTHETIC
IN-04753,17.360593671128257,78.47943516115464,YES_SYNTHETIC
IN-04754,17.302704463042947,78.50849982221038,YES_SYNTHETIC
IN-04755,17.342642393689623,78.41876180790311,YES_SYNTHETIC
IN-04756,17.393906258580902,78.49316205267598,YES_SYNTHETIC
IN-04757,17.30017432824481,78.52634309069889,YES_SYNTHETIC
IN-04758,17.40975443813017,78.4245034565493,YES_SYNTHETIC
IN-04759,17.37888697243081,78.5307645832957,YES_SYNTHETIC
IN-04760,17.390887148108256,78.46579781523671,YES_SYNTHETIC
IN-04761,17.34946769161619,78.50877877332881,YES_SYNTHETIC
IN-04762,17.47282173966205,78.5210489680955,YES_SYNTHETIC
IN-04763,17.299949180727264,78.47883699469642,YES_SYNTHETIC
IN-04764,17.463164826302126,78.40559248516021,YES_SYNTHETIC
IN-04765,17.48277514242751,78.57651387872909,YES_SYNTHETIC
IN-04766,17.30065489614598,78.5733826640899,YES_SYNTHETIC
IN-04767,17.357626518051894,78.55564183341517,YES_SYNTHETIC
IN-04768,21.129476667542654,79.0763710225405,YES_SYNTHETIC
IN-04769,21.17264861819551,79.14309548385519,YES_SYNTHETIC
IN-04770,21.052557830189652,79.10683119910543,YES_SYNTHETIC
IN-04771,21.083146598819475,79.05738990357264,YES_SYNTHETIC
IN-04772,21.115393733231045,79.08201206804424,YES_SYNTHETIC
IN-04773,21.112627282375236,79.00967222369013,YES_SYNTHETIC
IN-04774,21.07492574770509,78.99488759711222,YES_SYNTHETIC
IN-04775,21.139849817065752,79.1790895389706,YES_SYNTHETIC
IN-04776,26.76983504472962,81.03545289860062,YES_SYNTHETIC
IN-04777,26.893372302946418,80.97369976058684,YES_SYNTHETIC
IN-04778,26.87575555106471,81.01154552967927,YES_SYNTHETIC
IN-04779,26.768083972875964,80.94715086471311,YES_SYNTHETIC
IN-04780,26.88611822765215,80.96356408901472,YES_SYNTHETIC
IN-04781,26.913255814204657,80.86065434180227,YES_SYNTHETIC
IN-04782,26.88484020789983,80.95300554607695,YES_SYNTHETIC
IN-04783,26.822532172795988,80.91425499644681,YES_SYNTHETIC
IN-04784,26.87086652655484,81.02439907492885,YES_SYNTHETIC
IN-04785,26.84593518522022,81.01114463281539,YES_SYNTHETIC
IN-04786,26.827131276368792,80.86667889255864,YES_SYNTHETIC
IN-04787,26.759001147291727,80.85646687426474,YES_SYNTHETIC
IN-04788,26.822730028391533,80.91364755016717,YES_SYNTHETIC
IN-04789,26.89028740472451,80.99476430031697,YES_SYNTHETIC
IN-04790,26.756870793766748,80.8904246525778,YES_SYNTHETIC
IN-04791,26.80155237003178,80.95572239682856,YES_SYNTHETIC
IN-04792,26.775603044781388,80.87298824388,YES_SYNTHETIC
IN-04793,26.93545777784159,81.00704058145956,YES_SYNTHETIC
IN-04794,26.782830980418233,80.92751356158111,YES_SYNTHETIC
IN-04795,26.81782439985151,81.00440081481308,YES_SYNTHETIC
IN-04796,26.84874258329562,80.8717699473987,YES_SYNTHETIC
IN-04797,26.894498412631247,80.925577595645,YES_SYNTHETIC
IN-04798,26.799284849526426,80.92129972440415,YES_SYNTHETIC
IN-04799,26.846251312721378,80.91482310328341,YES_SYNTHETIC
IN-04800,26.79508115451835,80.9259004057608,YES_SYNTHETIC
IN-04801,26.750534582149978,81.00069956921926,YES_SYNTHETIC
IN-04802,26.780888978713516,80.85498092272613,YES_SYNTHETIC
IN-04803,26.877439738581014,81.00098722576475,YES_SYNTHETIC
IN-04804,26.909465826318566,80.94490183653213,YES_SYNTHETIC
IN-04805,26.787773636937995,80.99364553544997,YES_SYNTHETIC
IN-04806,26.886642615430866,80.89545414682064,YES_SYNTHETIC
IN-04807,26.92738155117256,80.86707429161658,YES_SYNTHETIC
IN-04808,26.943237647918263,81.01824956219549,YES_SYNTHETIC
IN-04809,26.884279729095812,81.03394997765596,YES_SYNTHETIC
IN-04810,26.89116223366474,80.88429139940601,YES_SYNTHETIC
IN-04811,26.83513122762256,80.86050060486633,YES_SYNTHETIC
IN-04812,26.824631484457623,80.99452060394745,YES_SYNTHETIC
IN-04813,26.82398867018616,80.91225883509364,YES_SYNTHETIC
IN-04814,26.865771144502062,81.02064090579978,YES_SYNTHETIC
IN-04815,26.756216638509223,80.92329408693995,YES_SYNTHETIC
IN-04816,26.77834814836305,80.98527085014638,YES_SYNTHETIC
IN-04817,26.767844912086225,80.97916155171605,YES_SYNTHETIC
IN-04818,26.80393617415958,80.88598336274745,YES_SYNTHETIC
IN-04819,26.933970511564997,80.8499049153492,YES_SYNTHETIC
IN-04820,26.834255454377914,80.85052539849237,YES_SYNTHETIC
IN-04821,26.843418609620866,80.9464094755589,YES_SYNTHETIC
IN-04822,26.811032494278948,80.872632355505,YES_SYNTHETIC
IN-04823,26.821977507546894,80.98065258798651,YES_SYNTHETIC
IN-04824,26.90317916172889,80.95235012047763,YES_SYNTHETIC
IN-04825,26.86466687888795,80.88632327422494,YES_SYNTHETIC
IN-04826,26.80416606664553,80.87857912201048,YES_SYNTHETIC
IN-04827,26.79655907000092,80.8911773560451,YES_SYNTHETIC
IN-04828,26.850589757278247,80.95873775115815,YES_SYNTHETIC
IN-04829,26.9356894841643,80.88531412942031,YES_SYNTHETIC
IN-04830,26.8750351420323,81.00965185379751,YES_SYNTHETIC
IN-04831,26.85874829275661,80.89720073050022,YES_SYNTHETIC
IN-04832,26.799210046004,80.85405061061421,YES_SYNTHETIC
IN-04833,26.807788845309695,80.99512073580068,YES_SYNTHETIC
IN-04834,26.75620355144142,80.89005905650097,YES_SYNTHETIC
IN-04835,26.887946499706356,81.00273031256458,YES_SYNTHETIC
IN-04836,26.837763682012383,80.98581486769574,YES_SYNTHETIC
IN-04837,26.824290433730976,80.87818264900483,YES_SYNTHETIC
IN-04838,26.82632989870458,80.96219356404063,YES_SYNTHETIC
IN-04839,26.936310656370576,80.85995019041773,YES_SYNTHETIC
IN-04840,26.84817881876899,80.91198395564214,YES_SYNTHETIC
IN-04841,26.84836233885534,80.8509950894753,YES_SYNTHETIC
IN-04842,26.809305070940315,81.0101736295054,YES_SYNTHETIC
IN-04843,26.857488346770925,80.93631649856323,YES_SYNTHETIC
IN-04844,26.803805014343066,80.90580850455828,YES_SYNTHETIC
IN-04845,26.823320286718115,81.01331414199292,YES_SYNTHETIC
IN-04846,26.940142641361653,80.93393107627008,YES_SYNTHETIC
IN-04847,26.82537056774955,81.01551015516398,YES_SYNTHETIC
IN-04848,26.83208106412726,80.95660363445913,YES_SYNTHETIC
IN-04849,26.79288833291975,80.99490050715582,YES_SYNTHETIC
IN-04850,21.152197663654157,79.15000691004806,YES_SYNTHETIC
IN-04851,21.201946546005736,79.03120095365401,YES_SYNTHETIC
IN-04852,21.188927110111553,79.14821088159027,YES_SYNTHETIC
IN-04853,21.11502144815648,79.02272182258045,YES_SYNTHETIC
IN-04854,21.04632643111592,79.07838073061863,YES_SYNTHETIC
IN-04855,21.11628654630777,79.09918196676509,YES_SYNTHETIC
IN-04856,21.083408218517757,79.16013310953329,YES_SYNTHETIC
IN-04857,21.097351043125624,79.03348592101753,YES_SYNTHETIC
IN-04858,21.14194281129687,79.08797020474886,YES_SYNTHETIC
IN-04859,21.08881704575702,79.04257214534519,YES_SYNTHETIC
IN-04860,21.07974104783105,79.13189203566463,YES_SYNTHETIC
IN-04861,21.199817806250817,79.08066569949186,YES_SYNTHETIC
IN-04862,21.188617404537005,79.1353870783875,YES_SYNTHETIC
IN-04863,22.50025510553556,88.45713560496691,YES_SYNTHETIC
IN-04864,22.636806389419288,88.30479669223917,YES_SYNTHETIC
IN-04865,22.509833007149215,88.28903222911592,YES_SYNTHETIC
IN-04866,22.500275712508387,88.41353235980574,YES_SYNTHETIC
IN-04867,22.566530851390326,88.42048683454797,YES_SYNTHETIC
IN-04868,22.621850978870043,88.38482254270104,YES_SYNTHETIC
IN-04869,22.60987332131574,88.26757114487583,YES_SYNTHETIC
IN-04870,22.534955529361007,88.39146443585189,YES_SYNTHETIC
IN-04871,22.47446899069725,88.27049538873652,YES_SYNTHETIC
IN-04872,22.642977596494077,88.40070497233842,YES_SYNTHETIC
IN-04873,22.52567394662407,88.40149256802374,YES_SYNTHETIC
IN-04874,22.631091333827854,88.32525885662203,YES_SYNTHETIC
IN-04875,22.47980747549984,88.45045582493755,YES_SYNTHETIC
IN-04876,22.54163596765913,88.28519635265694,YES_SYNTHETIC
IN-04877,16.50457137427863,80.70169355913282,YES_SYNTHETIC
IN-04878,16.450529462923512,80.60189801002667,YES_SYNTHETIC
IN-04879,16.454742997359716,80.74633461056634,YES_SYNTHETIC
IN-04880,16.44568074674611,80.66310404339322,YES_SYNTHETIC
IN-04881,16.591252928331393,80.57737931377555,YES_SYNTHETIC
IN-04882,16.60037083957354,80.73749544687912,YES_SYNTHETIC
IN-04883,16.583114397411652,80.590911304266,YES_SYNTHETIC
IN-04884,16.533011011202195,80.70017829459225,YES_SYNTHETIC
IN-04885,16.603405585639287,80.58408476441627,YES_SYNTHETIC
IN-04886,16.55940517990386,80.61576023398541,YES_SYNTHETIC
IN-04887,16.4413252931136,80.63227538824276,YES_SYNTHETIC
IN-04888,16.564967182429722,80.6409699607408,YES_SYNTHETIC
IN-04889,16.51370462004061,80.74703188204002,YES_SYNTHETIC
IN-04890,16.486021859911485,80.67108015094185,YES_SYNTHETIC
IN-04891,16.479248840323073,80.62655712926573,YES_SYNTHETIC
IN-04892,16.54532815068908,80.73557739521897,YES_SYNTHETIC
IN-04893,16.514671790098465,80.70167998578975,YES_SYNTHETIC
IN-04894,16.424041311763393,80.59023160748639,YES_SYNTHETIC
IN-04895,16.506626328183906,80.55200234472575,YES_SYNTHETIC
IN-04896,16.45677099575251,80.65148025796499,YES_SYNTHETIC
IN-04897,16.40919223965126,80.6009092572452,YES_SYNTHETIC
IN-04898,16.509006163895172,80.66262984959624,YES_SYNTHETIC
IN-04899,16.59135033861106,80.67706912465012,YES_SYNTHETIC
IN-04900,16.489147160505997,80.73407023542661,YES_SYNTHETIC
IN-04901,21.20277659667756,79.02820178422255,YES_SYNTHETIC
IN-04902,21.071968472269766,79.12336232714854,YES_SYNTHETIC
IN-04903,21.157776633115397,79.14613472275855,YES_SYNTHETIC
IN-04904,21.19356101001574,79.1132423067715,YES_SYNTHETIC
IN-04905,21.24307643432578,79.09491794602208,YES_SYNTHETIC
IN-04906,21.068421151300345,79.1538547129632,YES_SYNTHETIC
IN-04907,21.096170672469142,79.14366042962878,YES_SYNTHETIC
IN-04908,21.23722141920001,79.12755910279287,YES_SYNTHETIC
IN-04909,21.16500603218996,79.08027723513501,YES_SYNTHETIC
IN-04910,21.11868197319908,79.05880095019437,YES_SYNTHETIC
IN-04911,21.17307454114192,79.13845462338755,YES_SYNTHETIC
IN-04912,21.181503413896884,79.0278820202387,YES_SYNTHETIC
IN-04913,21.1445974360287,79.14652801443661,YES_SYNTHETIC
IN-04914,21.140940815637812,79.0955246559471,YES_SYNTHETIC
IN-04915,21.200027209634165,79.12045306125302,YES_SYNTHETIC
IN-04916,21.12766898417648,79.16728254223885,YES_SYNTHETIC
IN-04917,21.078313413732698,79.18730328971806,YES_SYNTHETIC
IN-04918,21.069570515695247,78.99118999422085,YES_SYNTHETIC
IN-04919,21.223803780229755,79.0371907016732,YES_SYNTHETIC
IN-04920,21.191739925489344,79.15040307498641,YES_SYNTHETIC
IN-04921,21.217597278206426,79.18651884713283,YES_SYNTHETIC
IN-04922,21.104607942008002,79.13024866838545,YES_SYNTHETIC
IN-04923,21.068879971656166,79.06956185827137,YES_SYNTHETIC
IN-04924,21.21539433866252,79.06173160921182,YES_SYNTHETIC
IN-04925,21.164019076107124,79.08895468874493,YES_SYNTHETIC
IN-04926,21.17499030622241,79.18277887787754,YES_SYNTHETIC
IN-04927,26.05564710530028,91.75099230350033,YES_SYNTHETIC
IN-04928,26.217105755850056,91.73247654234969,YES_SYNTHETIC
IN-04929,26.060205437188316,91.74830787048334,YES_SYNTHETIC
IN-04930,26.110914778164766,91.66718835706759,YES_SYNTHETIC
IN-04931,26.214306902656695,91.74051990259822,YES_SYNTHETIC
IN-04932,26.231155282475815,91.7974033009206,YES_SYNTHETIC
IN-04933,26.183094358754733,91.63720510067306,YES_SYNTHETIC
IN-04934,26.13006469132765,91.67569725633041,YES_SYNTHETIC
IN-04935,26.226659582209773,91.67111679693527,YES_SYNTHETIC
IN-04936,26.10171201033186,91.7395673535469,YES_SYNTHETIC
IN-04937,26.097172723799616,91.67817293545582,YES_SYNTHETIC
IN-04938,26.164319865020552,91.653985904551,YES_SYNTHETIC
IN-04939,26.056133551744185,91.71064905903721,YES_SYNTHETIC
IN-04940,26.188632890901573,91.74716135165478,YES_SYNTHETIC
IN-04941,26.129075293693358,91.74935031284491,YES_SYNTHETIC
IN-04942,26.117590296930654,91.82342926708642,YES_SYNTHETIC
IN-04943,26.055480978182157,91.77087829580596,YES_SYNTHETIC
IN-04944,26.22275653296555,91.79697694174705,YES_SYNTHETIC
IN-04945,26.08130820696429,91.69538526979605,YES_SYNTHETIC
IN-04946,26.187909587741423,91.65305411183616,YES_SYNTHETIC
IN-04947,26.206872339966516,91.77998138892096,YES_SYNTHETIC
IN-04948,26.19042132984707,91.65624827405351,YES_SYNTHETIC
IN-04949,26.188052108963248,91.77216362504399,YES_SYNTHETIC
IN-04950,26.210684498164373,91.64451919125129,YES_SYNTHETIC
IN-04951,26.049122133693558,91.71080141997571,YES_SYNTHETIC
IN-04952,26.07425765676983,91.74787689551404,YES_SYNTHETIC
IN-04953,26.22796978030135,91.7144959460668,YES_SYNTHETIC
IN-04954,26.213490075454523,91.63624817490357,YES_SYNTHETIC
IN-04955,26.078202928691837,91.64228470793081,YES_SYNTHETIC
IN-04956,26.110129436103016,91.8178379191393,YES_SYNTHETIC
IN-04957,26.063890424719798,91.75748195534875,YES_SYNTHETIC
IN-04958,26.13479918782389,91.82389364247317,YES_SYNTHETIC
IN-04959,26.06900382850742,91.67860557010044,YES_SYNTHETIC
IN-04960,25.5000083937223,85.12438704992628,YES_SYNTHETIC
IN-04961,25.54966657991293,85.21158118677808,YES_SYNTHETIC
IN-04962,25.61508816263955,85.16041814759515,YES_SYNTHETIC
IN-04963,25.60048213937626,85.05597006744584,YES_SYNTHETIC
IN-04964,25.583103736745073,85.23750103794171,YES_SYNTHETIC
IN-04965,25.661145858169203,85.21629181083343,YES_SYNTHETIC
IN-04966,25.658745271849302,85.0582083386862,YES_SYNTHETIC
IN-04967,25.53958965081296,85.03822433027129,YES_SYNTHETIC
IN-04968,25.554802024975622,85.05932148046931,YES_SYNTHETIC
IN-04969,25.58865866906032,85.17302549771479,YES_SYNTHETIC
IN-04970,25.669001059007616,85.18744343301819,YES_SYNTHETIC
IN-04971,25.681817119155703,85.04837965807876,YES_SYNTHETIC
IN-04972,25.49653596708331,85.16986762276724,YES_SYNTHETIC
IN-04973,25.55197048204445,85.08830020322117,YES_SYNTHETIC
IN-04974,25.56027741753876,85.09155921157848,YES_SYNTHETIC
IN-04975,25.59638728126032,85.12562968944484,YES_SYNTHETIC
IN-04976,25.59658571027533,85.1721427223001,YES_SYNTHETIC
IN-04977,25.57152610179423,85.08786153742844,YES_SYNTHETIC
IN-04978,25.52734010736175,85.10749482390653,YES_SYNTHETIC
IN-04979,25.642461295049234,85.1889409820223,YES_SYNTHETIC
IN-04980,25.627481077336842,85.08440563506139,YES_SYNTHETIC
IN-04981,25.61171724917094,85.15173793231537,YES_SYNTHETIC
IN-04982,25.590953239621946,85.14759579727678,YES_SYNTHETIC
IN-04983,25.592458126524736,85.15069127321483,YES_SYNTHETIC
IN-04984,25.637201190924227,85.0595256388807,YES_SYNTHETIC
IN-04985,25.644025150429805,85.06477723002553,YES_SYNTHETIC
IN-04986,25.507425599682076,85.2328159372443,YES_SYNTHETIC
IN-04987,25.68549835377409,85.04968730898811,YES_SYNTHETIC
IN-04988,25.582750688294993,85.07484898765996,YES_SYNTHETIC
IN-04989,25.591168979426886,85.20363544859993,YES_SYNTHETIC
IN-04990,25.684222354948577,85.16445053069032,YES_SYNTHETIC
IN-04991,25.564881133442363,85.15826511312892,YES_SYNTHETIC
IN-04992,25.55650026122169,85.21956472816642,YES_SYNTHETIC
IN-04993,25.668180092621167,85.14924635005593,YES_SYNTHETIC
IN-04994,25.559059783076073,85.0962779351166,YES_SYNTHETIC
IN-04995,25.500783598941013,85.20076417020506,YES_SYNTHETIC
IN-04996,25.5841766426078,85.10262658568006,YES_SYNTHETIC
IN-04997,25.588322070999553,85.20134759809093,YES_SYNTHETIC
IN-04998,21.070722841541507,79.15973119764837,YES_SYNTHETIC
IN-04999,21.225301767021673,79.17754158300677,YES_SYNTHETIC
IN-05000,21.125297598484526,79.03162808080754,YES_SYNTHETIC
